NOC,Year,Gold_Medal_Count,Silver_Medal_Count,Bronze_Medal_Count,Medal_Count
AFG,1936,0,0,0,16
AFG,1948,0,0,0,25
AFG,1956,0,0,0,12
AFG,1960,0,0,0,16
AFG,1964,0,0,0,8
AFG,1968,0,0,0,5
AFG,1972,0,0,0,8
AFG,1980,0,0,0,11
AFG,1988,0,0,0,5
AFG,1996,0,0,0,2
AFG,2004,0,0,0,5
AFG,2008,0,0,1,4
AFG,2012,0,0,1,6
AFG,2016,0,0,0,3
AHO,1952,0,0,0,11
AHO,1960,0,0,0,5
AHO,1964,0,0,0,4
AHO,1968,0,0,0,5
AHO,1972,0,0,0,2
AHO,1976,0,0,0,4
AHO,1984,0,0,0,13
AHO,1988,0,1,0,4
AHO,1992,0,0,0,4
AHO,1996,0,0,0,7
AHO,2000,0,0,0,8
AHO,2004,0,0,0,3
AHO,2008,0,0,0,4
ALB,1972,0,0,0,5
ALB,1992,0,0,0,9
ALB,1996,0,0,0,9
ALB,2000,0,0,0,5
ALB,2004,0,0,0,7
ALB,2008,0,0,0,12
ALB,2012,0,0,0,10
ALB,2016,0,0,0,6
ALG,1964,0,0,0,7
ALG,1968,0,0,0,9
ALG,1972,0,0,0,7
ALG,1980,0,0,0,63
ALG,1984,0,0,2,33
ALG,1988,0,0,0,45
ALG,1992,1,0,1,36
ALG,1996,2,0,1,47
ALG,2000,1,1,3,51
ALG,2004,0,0,0,71
ALG,2008,0,1,1,57
ALG,2012,1,0,0,39
ALG,2016,0,2,0,74
AND,1976,0,0,0,3
AND,1980,0,0,0,2
AND,1984,0,0,0,2
AND,1988,0,0,0,4
AND,1992,0,0,0,8
AND,1996,0,0,0,8
AND,2000,0,0,0,5
AND,2004,0,0,0,6
AND,2008,0,0,0,5
AND,2012,0,0,0,6
AND,2016,0,0,0,4
ANG,1980,0,0,0,17
ANG,1988,0,0,0,33
ANG,1992,0,0,0,33
ANG,1996,0,0,0,30
ANG,2000,0,0,0,30
ANG,2004,0,0,0,30
ANG,2008,0,0,0,33
ANG,2012,0,0,0,35
ANG,2016,0,0,0,26
ANT,1976,0,0,0,17
ANT,1984,0,0,0,27
ANT,1988,0,0,0,25
ANT,1992,0,0,0,18
ANT,1996,0,0,0,19
ANT,2000,0,0,0,4
ANT,2004,0,0,0,5
ANT,2008,0,0,0,5
ANT,2012,0,0,0,4
ANT,2016,0,0,0,9
ANZ,1908,15,2,2,48
ANZ,1912,5,2,3,38
ARG,1900,0,0,0,1
ARG,1908,0,0,0,1
ARG,1920,0,0,0,1
ARG,1924,5,3,2,109
ARG,1928,3,18,5,98
ARG,1932,3,1,0,47
ARG,1936,5,2,4,68
ARG,1948,3,7,1,295
ARG,1952,2,2,2,174
ARG,1956,0,1,1,44
ARG,1960,0,3,1,116
ARG,1964,0,1,0,148
ARG,1968,0,0,2,132
ARG,1972,0,1,0,123
ARG,1976,0,0,0,106
ARG,1984,0,0,0,115
ARG,1988,0,1,12,134
ARG,1992,0,0,2,111
ARG,1996,0,19,1,221
ARG,2000,0,17,3,165
ARG,2004,28,0,21,179
ARG,2008,20,0,31,145
ARG,2012,1,15,3,148
ARG,2016,21,1,0,232
ARM,1996,1,1,0,38
ARM,2000,0,0,1,26
ARM,2004,0,0,0,19
ARM,2008,0,0,6,26
ARM,2012,0,1,2,31
ARM,2016,1,3,0,34
ARU,1988,0,0,0,12
ARU,1992,0,0,0,5
ARU,1996,0,0,0,3
ARU,2000,0,0,0,5
ARU,2004,0,0,0,4
ARU,2008,0,0,0,2
ARU,2012,0,0,0,4
ARU,2016,0,0,0,7
ASA,1988,0,0,0,6
ASA,1992,0,0,0,3
ASA,1996,0,0,0,7
ASA,2000,0,0,0,4
ASA,2004,0,0,0,3
ASA,2008,0,0,0,4
ASA,2012,0,0,0,4
ASA,2016,0,0,0,4
AUS,1896,2,0,1,5
AUS,1900,3,0,3,6
AUS,1904,0,3,1,6
AUS,1906,0,0,3,10
AUS,1920,0,6,1,29
AUS,1924,3,5,2,60
AUS,1928,1,2,1,29
AUS,1932,3,1,1,20
AUS,1936,0,0,1,39
AUS,1948,2,9,5,103
AUS,1952,7,2,11,140
AUS,1956,28,13,26,412
AUS,1960,11,24,11,280
AUS,1964,8,6,30,392
AUS,1968,5,35,11,224
AUS,1972,11,7,2,266
AUS,1976,0,15,8,274
AUS,1980,6,2,5,190
AUS,1984,7,14,31,337
AUS,1988,18,6,11,339
AUS,1992,14,27,16,390
AUS,1996,32,16,84,550
AUS,2000,60,69,54,788
AUS,2004,49,77,31,601
AUS,2008,31,42,76,570
AUS,2012,18,37,59,514
AUS,2016,23,34,25,518
AUT,1896,2,1,2,8
AUT,1900,0,3,3,26
AUT,1904,2,1,1,7
AUT,1906,3,3,3,100
AUT,1908,0,0,1,13
AUT,1912,0,9,5,132
AUT,1924,0,3,1,56
AUT,1928,3,0,2,113
AUT,1932,1,1,3,33
AUT,1936,6,42,7,363
AUT,1948,2,2,4,239
AUT,1952,0,1,2,238
AUT,1956,0,0,4,57
AUT,1960,1,2,0,198
AUT,1964,0,0,0,82
AUT,1968,0,2,3,59
AUT,1972,0,1,2,143
AUT,1976,0,0,1,73
AUT,1980,1,3,1,92
AUT,1984,1,1,1,130
AUT,1988,1,0,0,96
AUT,1992,0,6,0,127
AUT,1996,0,1,2,92
AUT,2000,3,1,0,114
AUT,2004,3,4,1,92
AUT,2008,0,1,2,93
AUT,2012,0,0,0,90
AUT,2016,0,0,2,85
AZE,1996,0,1,0,24
AZE,2000,2,0,1,32
AZE,2004,1,0,4,37
AZE,2008,1,2,4,44
AZE,2012,2,2,6,59
AZE,2016,1,7,10,69
BAH,1952,0,0,0,7
BAH,1956,0,0,2,5
BAH,1960,0,0,0,14
BAH,1964,2,0,0,12
BAH,1968,0,0,0,22
BAH,1972,0,0,0,25
BAH,1976,0,0,0,19
BAH,1984,0,0,0,31
BAH,1988,0,0,0,18
BAH,1992,0,0,1,18
BAH,1996,0,5,0,36
BAH,2000,6,0,5,39
BAH,2004,1,0,1,28
BAH,2008,0,6,1,33
BAH,2012,4,0,0,29
BAH,2016,1,0,5,38
BAN,1984,0,0,0,2
BAN,1988,0,0,0,11
BAN,1992,0,0,0,9
BAN,1996,0,0,0,4
BAN,2000,0,0,0,6
BAN,2004,0,0,0,4
BAN,2008,0,0,0,5
BAN,2012,0,0,0,7
BAN,2016,0,0,0,7
BAR,1968,0,0,0,13
BAR,1972,0,0,0,20
BAR,1976,0,0,0,17
BAR,1984,0,0,0,25
BAR,1988,0,0,0,26
BAR,1992,0,0,0,22
BAR,1996,0,0,0,22
BAR,2000,0,0,1,28
BAR,2004,0,0,0,15
BAR,2008,0,0,0,10
BAR,2012,0,0,0,8
BAR,2016,0,0,0,13
BDI,1996,1,0,0,7
BDI,2000,0,0,0,6
BDI,2004,0,0,0,7
BDI,2008,0,0,0,3
BDI,2012,0,0,0,6
BDI,2016,0,1,0,10
BEL,1900,6,24,13,100
BEL,1906,2,3,6,31
BEL,1908,1,24,8,99
BEL,1912,7,1,11,72
BEL,1920,57,65,66,518
BEL,1924,3,30,6,234
BEL,1928,0,1,4,260
BEL,1932,0,0,1,69
BEL,1936,0,0,14,205
BEL,1948,5,2,8,182
BEL,1952,5,3,0,184
BEL,1956,0,2,0,82
BEL,1960,0,2,2,150
BEL,1964,2,0,1,74
BEL,1968,0,1,2,106
BEL,1972,0,2,0,106
BEL,1976,0,3,6,149
BEL,1980,1,0,0,84
BEL,1984,1,2,2,86
BEL,1988,0,0,2,85
BEL,1992,0,1,2,103
BEL,1996,2,2,2,81
BEL,2000,0,3,4,94
BEL,2004,1,0,2,70
BEL,2008,1,4,0,112
BEL,2012,0,1,2,142
BEL,2016,2,17,2,138
BEN,1972,0,0,0,3
BEN,1980,0,0,0,17
BEN,1984,0,0,0,3
BEN,1988,0,0,0,10
BEN,1992,0,0,0,7
BEN,1996,0,0,0,7
BEN,2000,0,0,0,4
BEN,2004,0,0,0,4
BEN,2008,0,0,0,5
BEN,2012,0,0,0,5
BEN,2016,0,0,0,6
BER,1936,0,0,0,9
BER,1948,0,0,0,28
BER,1952,0,0,0,12
BER,1956,0,0,0,3
BER,1960,0,0,0,9
BER,1964,0,0,0,4
BER,1968,0,0,0,6
BER,1972,0,0,0,9
BER,1976,0,0,1,20
BER,1984,0,0,0,13
BER,1988,0,0,0,14
BER,1992,0,0,0,29
BER,1996,0,0,0,10
BER,2000,0,0,0,7
BER,2004,0,0,0,10
BER,2008,0,0,0,6
BER,2012,0,0,0,8
BER,2016,0,0,0,8
BHU,1984,0,0,0,6
BHU,1988,0,0,0,6
BHU,1992,0,0,0,12
BHU,1996,0,0,0,2
BHU,2000,0,0,0,2
BHU,2004,0,0,0,2
BHU,2008,0,0,0,2
BHU,2012,0,0,0,2
BHU,2016,0,0,0,2
BIH,1992,0,0,0,13
BIH,1996,0,0,0,12
BIH,2000,0,0,0,11
BIH,2004,0,0,0,11
BIH,2008,0,0,0,7
BIH,2012,0,0,0,8
BIH,2016,0,0,0,11
BIZ,1968,0,0,0,7
BIZ,1972,0,0,0,2
BIZ,1976,0,0,0,4
BIZ,1984,0,0,0,13
BIZ,1988,0,0,0,13
BIZ,1992,0,0,0,18
BIZ,1996,0,0,0,5
BIZ,2000,0,0,0,2
BIZ,2004,0,0,0,2
BIZ,2008,0,0,0,4
BIZ,2012,0,0,0,3
BIZ,2016,0,0,0,3
BLR,1996,1,6,16,259
BLR,2000,3,8,11,231
BLR,2004,2,5,8,192
BLR,2008,8,5,16,237
BLR,2012,3,12,8,185
BLR,2016,1,4,7,142
BOH,1900,0,1,2,9
BOH,1906,0,0,3,29
BOH,1908,0,0,6,41
BOH,1912,0,0,0,74
BOL,1936,0,0,0,2
BOL,1964,0,0,0,1
BOL,1968,0,0,0,4
BOL,1972,0,0,0,14
BOL,1976,0,0,0,5
BOL,1984,0,0,0,13
BOL,1988,0,0,0,12
BOL,1992,0,0,0,21
BOL,1996,0,0,0,9
BOL,2000,0,0,0,5
BOL,2004,0,0,0,11
BOL,2008,0,0,0,7
BOL,2012,0,0,0,5
BOL,2016,0,0,0,12
BOT,1980,0,0,0,8
BOT,1984,0,0,0,8
BOT,1988,0,0,0,11
BOT,1992,0,0,0,6
BOT,1996,0,0,0,7
BOT,2000,0,0,0,9
BOT,2004,0,0,0,12
BOT,2008,0,0,0,11
BOT,2012,0,1,0,4
BOT,2016,0,0,0,14
BRA,1900,0,0,0,3
BRA,1920,1,1,5,38
BRA,1924,0,0,0,18
BRA,1932,0,0,0,67
BRA,1936,0,0,0,94
BRA,1948,0,0,10,105
BRA,1952,1,0,2,119
BRA,1956,1,0,0,63
BRA,1960,0,0,13,86
BRA,1964,0,0,12,65
BRA,1968,0,1,3,89
BRA,1972,0,0,2,104
BRA,1976,0,0,3,89
BRA,1980,4,0,5,149
BRA,1984,1,33,2,197
BRA,1988,1,17,5,233
BRA,1992,13,1,0,233
BRA,1996,5,15,43,251
BRA,2000,0,12,36,236
BRA,2004,18,19,3,318
BRA,2008,14,34,30,338
BRA,2012,14,34,11,306
BRA,2016,36,8,6,583
BRN,1984,0,0,0,14
BRN,1988,0,0,0,16
BRN,1992,0,0,0,15
BRN,1996,0,0,0,5
BRN,2000,0,0,0,4
BRN,2004,0,0,0,10
BRN,2008,0,0,0,15
BRN,2012,0,0,1,14
BRN,2016,1,1,0,33
BRU,1996,0,0,0,1
BRU,2000,0,0,0,2
BRU,2004,0,0,0,1
BRU,2012,0,0,0,3
BRU,2016,0,0,0,3
BUL,1924,0,0,0,31
BUL,1928,0,0,0,10
BUL,1932,0,0,0,2
BUL,1936,0,0,0,85
BUL,1952,0,0,1,179
BUL,1956,1,3,14,82
BUL,1960,1,3,3,183
BUL,1964,3,5,2,116
BUL,1968,2,21,3,189
BUL,1972,6,10,6,226
BUL,1976,8,13,18,254
BUL,1980,8,44,38,397
BUL,1988,10,14,17,281
BUL,1992,3,7,7,236
BUL,1996,3,12,6,181
BUL,2000,5,6,2,150
BUL,2004,2,1,14,119
BUL,2008,1,1,3,87
BUL,2012,0,1,1,75
BUL,2016,0,1,6,58
BUR,1972,0,0,0,1
BUR,1988,0,0,0,9
BUR,1992,0,0,0,4
BUR,1996,0,0,0,5
BUR,2000,0,0,0,4
BUR,2004,0,0,0,5
BUR,2008,0,0,0,6
BUR,2012,0,0,0,5
BUR,2016,0,0,0,5
CAF,1968,0,0,0,1
CAF,1984,0,0,0,3
CAF,1988,0,0,0,15
CAF,1992,0,0,0,21
CAF,1996,0,0,0,5
CAF,2000,0,0,0,3
CAF,2004,0,0,0,4
CAF,2008,0,0,0,3
CAF,2012,0,0,0,6
CAF,2016,0,0,0,6
CAM,1956,0,0,0,2
CAM,1964,0,0,0,15
CAM,1972,0,0,0,17
CAM,1996,0,0,0,5
CAM,2000,0,0,0,4
CAM,2004,0,0,0,4
CAM,2008,0,0,0,4
CAM,2012,0,0,0,6
CAM,2016,0,0,0,6
CAN,1900,1,0,1,7
CAN,1904,27,9,12,61
CAN,1906,1,1,0,4
CAN,1908,14,8,30,148
CAN,1912,3,2,3,60
CAN,1920,10,3,3,85
CAN,1924,0,19,1,83
CAN,1928,7,5,21,113
CAN,1932,2,13,24,191
CAN,1936,1,12,9,167
CAN,1948,0,2,5,188
CAN,1952,1,3,0,154
CAN,1956,5,9,5,150
CAN,1960,0,9,0,140
CAN,1964,2,2,1,194
CAN,1968,3,3,4,291
CAN,1972,0,2,9,344
CAN,1976,0,9,14,531
CAN,1984,19,36,32,572
CAN,1988,4,5,14,503
CAN,1992,27,5,12,445
CAN,1996,8,30,12,408
CAN,2000,4,4,23,422
CAN,2004,3,10,4,391
CAN,2008,11,13,11,449
CAN,2012,1,21,33,354
CAN,2016,4,4,61,405
CAY,1976,0,0,0,2
CAY,1984,0,0,0,14
CAY,1988,0,0,0,12
CAY,1992,0,0,0,13
CAY,1996,0,0,0,9
CAY,2000,0,0,0,4
CAY,2004,0,0,0,8
CAY,2008,0,0,0,6
CAY,2012,0,0,0,7
CAY,2016,0,0,0,5
CGO,1964,0,0,0,2
CGO,1972,0,0,0,8
CGO,1980,0,0,0,25
CGO,1984,0,0,0,13
CGO,1988,0,0,0,10
CGO,1992,0,0,0,10
CGO,1996,0,0,0,5
CGO,2000,0,0,0,5
CGO,2004,0,0,0,5
CGO,2008,0,0,0,5
CGO,2012,0,0,0,7
CGO,2016,0,0,0,10
CHA,1964,0,0,0,2
CHA,1968,0,0,0,4
CHA,1972,0,0,0,5
CHA,1984,0,0,0,3
CHA,1988,0,0,0,6
CHA,1992,0,0,0,7
CHA,1996,0,0,0,4
CHA,2000,0,0,0,3
CHA,2004,0,0,0,1
CHA,2008,0,0,0,2
CHA,2012,0,0,0,2
CHA,2016,0,0,0,2
CHI,1912,0,0,0,28
CHI,1920,0,0,0,2
CHI,1924,0,0,0,18
CHI,1928,0,1,0,46
CHI,1936,0,0,0,56
CHI,1948,0,0,0,72
CHI,1952,0,4,0,82
CHI,1956,0,2,2,43
CHI,1960,0,0,0,9
CHI,1964,0,0,0,16
CHI,1968,0,0,0,25
CHI,1972,0,0,0,13
CHI,1976,0,0,0,9
CHI,1984,0,0,0,64
CHI,1988,0,1,0,23
CHI,1992,0,0,0,15
CHI,1996,0,0,0,24
CHI,2000,0,0,17,58
CHI,2004,3,0,1,29
CHI,2008,0,1,0,29
CHI,2012,0,0,0,44
CHI,2016,0,0,0,47
CHN,1932,0,0,0,2
CHN,1936,0,0,0,65
CHN,1948,0,0,0,33
CHN,1952,0,0,0,1
CHN,1984,24,13,37,323
CHN,1988,6,16,30,427
CHN,1992,18,45,19,394
CHN,1996,19,70,17,438
CHN,2000,39,23,17,414
CHN,2004,52,27,15,518
CHN,2008,74,53,57,730
CHN,2012,56,40,29,479
CHN,2016,46,30,37,499
CIV,1964,0,0,0,10
CIV,1968,0,0,0,11
CIV,1972,0,0,0,13
CIV,1976,0,0,0,11
CIV,1984,0,1,0,18
CIV,1988,0,0,0,29
CIV,1992,0,0,0,18
CIV,1996,0,0,0,13
CIV,2000,0,0,0,18
CIV,2004,0,0,0,5
CIV,2008,0,0,0,22
CIV,2012,0,0,0,10
CIV,2016,1,0,1,15
CMR,1964,0,0,0,2
CMR,1968,0,1,0,5
CMR,1972,0,0,0,18
CMR,1976,0,0,0,4
CMR,1980,0,0,0,29
CMR,1984,0,0,1,56
CMR,1988,0,0,0,21
CMR,1992,0,0,0,12
CMR,1996,0,0,0,19
CMR,2000,18,0,0,39
CMR,2004,1,0,0,19
CMR,2008,1,0,0,32
CMR,2012,0,0,0,32
CMR,2016,0,0,0,22
COD,1968,0,0,0,8
COD,1984,0,0,0,9
COD,1988,0,0,0,21
COD,1992,0,0,0,19
COD,1996,0,0,0,14
COD,2000,0,0,0,3
COD,2004,0,0,0,6
COD,2008,0,0,0,5
COD,2012,0,0,0,4
COD,2016,0,0,0,4
COK,1988,0,0,0,8
COK,1992,0,0,0,2
COK,1996,0,0,0,3
COK,2000,0,0,0,2
COK,2004,0,0,0,3
COK,2008,0,0,0,4
COK,2012,0,0,0,9
COK,2016,0,0,0,9
COL,1900,0,1,0,1
COL,1932,0,0,0,2
COL,1936,0,0,0,6
COL,1948,0,0,0,11
COL,1956,0,0,0,47
COL,1960,0,0,0,23
COL,1964,0,0,0,40
COL,1968,0,0,0,70
COL,1972,0,1,2,75
COL,1976,0,0,0,44
COL,1980,0,0,0,28
COL,1984,0,1,0,48
COL,1988,0,0,1,57
COL,1992,0,0,1,61
COL,1996,0,0,0,62
COL,2000,1,0,0,54
COL,2004,0,0,2,71
COL,2008,0,1,1,90
COL,2012,1,3,4,120
COL,2016,3,2,3,157
COM,1996,0,0,0,4
COM,2000,0,0,0,2
COM,2004,0,0,0,3
COM,2008,0,0,0,3
COM,2012,0,0,0,3
COM,2016,0,0,0,4
CPV,1996,0,0,0,3
CPV,2000,0,0,0,2
CPV,2004,0,0,0,3
CPV,2008,0,0,0,2
CPV,2012,0,0,0,3
CPV,2016,0,0,0,5
CRC,1936,0,0,0,1
CRC,1964,0,0,0,2
CRC,1968,0,0,0,27
CRC,1972,0,0,0,4
CRC,1976,0,0,0,10
CRC,1980,0,0,0,37
CRC,1984,0,0,0,32
CRC,1988,0,1,0,33
CRC,1992,0,0,0,20
CRC,1996,1,0,0,13
CRC,2000,0,0,2,9
CRC,2004,0,0,0,21
CRC,2008,0,0,0,8
CRC,2012,0,0,0,11
CRC,2016,0,0,0,12
CRO,1992,0,12,3,46
CRO,1996,16,12,0,117
CRO,2000,1,0,9,108
CRO,2004,15,3,3,100
CRO,2008,0,2,3,125
CRO,2012,15,4,16,118
CRO,2016,7,15,2,93
CRT,1906,0,0,0,11
CUB,1900,1,1,0,2
CUB,1904,5,0,0,6
CUB,1924,0,0,0,13
CUB,1928,0,0,0,1
CUB,1932,0,0,0,3
CUB,1948,0,2,0,112
CUB,1952,0,0,0,57
CUB,1956,0,0,0,24
CUB,1960,0,0,0,21
CUB,1964,0,1,0,76
CUB,1968,0,10,0,227
CUB,1972,3,1,18,201
CUB,1976,6,4,14,194
CUB,1980,8,7,5,288
CUB,1992,42,13,14,196
CUB,1996,37,8,10,178
CUB,2000,18,35,12,271
CUB,2004,32,8,22,177
CUB,2008,2,34,11,171
CUB,2012,5,3,6,118
CUB,2016,5,2,4,143
CYP,1980,0,0,0,15
CYP,1984,0,0,0,12
CYP,1988,0,0,0,11
CYP,1992,0,0,0,19
CYP,1996,0,0,0,24
CYP,2000,0,0,0,24
CYP,2004,0,0,0,21
CYP,2008,0,0,0,18
CYP,2012,0,1,0,13
CYP,2016,0,0,0,21
CZE,1996,4,5,4,169
CZE,2000,2,3,4,162
CZE,2004,1,6,6,171
CZE,2008,3,4,0,158
CZE,2012,4,4,6,159
CZE,2016,1,2,12,135
DEN,1896,1,2,3,15
DEN,1900,4,3,2,36
DEN,1906,14,19,1,68
DEN,1908,0,14,3,107
DEN,1912,5,49,33,233
DEN,1920,26,44,1,246
DEN,1924,2,9,3,158
DEN,1928,6,5,4,122
DEN,1932,0,7,4,94
DEN,1936,0,3,3,173
DEN,1948,7,17,27,253
DEN,1952,3,1,5,201
DEN,1956,1,4,1,51
DEN,1960,2,17,4,109
DEN,1964,7,1,4,71
DEN,1968,5,6,6,93
DEN,1972,1,0,0,155
DEN,1976,3,0,5,81
DEN,1980,4,2,2,60
DEN,1984,0,3,10,74
DEN,1988,3,1,3,130
DEN,1992,3,2,9,144
DEN,1996,21,1,1,145
DEN,2000,18,3,4,124
DEN,2004,19,1,9,115
DEN,2008,6,7,6,108
DEN,2012,3,5,8,149
DEN,2016,15,10,16,143
DJI,1984,0,0,0,3
DJI,1988,0,0,1,6
DJI,1992,0,0,0,8
DJI,1996,0,0,0,5
DJI,2000,0,0,0,2
DJI,2008,0,0,0,2
DJI,2012,0,0,0,4
DJI,2016,0,0,0,8
DMA,1996,0,0,0,6
DMA,2000,0,0,0,4
DMA,2004,0,0,0,2
DMA,2008,0,0,0,2
DMA,2012,0,0,0,2
DMA,2016,0,0,0,2
DOM,1964,0,0,0,1
DOM,1968,0,0,0,24
DOM,1972,0,0,0,5
DOM,1976,0,0,0,11
DOM,1980,0,0,0,7
DOM,1984,0,0,1,24
DOM,1988,0,0,0,18
DOM,1992,0,0,0,32
DOM,1996,0,0,0,16
DOM,2000,0,0,0,13
DOM,2004,1,0,0,33
DOM,2008,1,1,0,27
DOM,2012,1,1,0,36
DOM,2016,0,0,1,30
ECU,1924,0,0,0,4
ECU,1968,0,0,0,41
ECU,1972,0,0,0,4
ECU,1976,0,0,0,8
ECU,1980,0,0,0,16
ECU,1984,0,0,0,15
ECU,1988,0,0,0,15
ECU,1992,0,0,0,15
ECU,1996,1,0,0,28
ECU,2000,0,0,0,11
ECU,2004,0,0,0,18
ECU,2008,0,1,0,26
ECU,2012,0,0,0,36
ECU,2016,0,0,0,40
EGY,1906,0,0,0,5
EGY,1920,0,0,0,22
EGY,1924,0,0,0,30
EGY,1928,2,1,1,43
EGY,1936,2,1,2,66
EGY,1948,2,2,1,166
EGY,1952,0,0,1,196
EGY,1956,0,0,0,6
EGY,1964,0,0,0,83
EGY,1968,0,0,0,35
EGY,1972,0,0,0,26
EGY,1976,0,0,0,26
EGY,1984,0,1,0,148
EGY,1988,0,0,0,59
EGY,1992,0,0,0,83
EGY,1996,0,0,0,33
EGY,2000,0,0,0,103
EGY,2004,1,1,3,104
EGY,2008,0,0,1,116
EGY,2012,0,2,0,132
EGY,2016,0,0,3,137
ERI,2000,0,0,0,3
ERI,2004,0,0,1,5
ERI,2008,0,0,0,11
ERI,2012,0,0,0,12
ERI,2016,0,0,0,12
ESA,1932,0,0,0,4
ESA,1968,0,0,0,104
ESA,1972,0,0,0,18
ESA,1984,0,0,0,15
ESA,1988,0,0,0,7
ESA,1992,0,0,0,6
ESA,1996,0,0,0,10
ESA,2000,0,0,0,10
ESA,2004,0,0,0,9
ESA,2008,0,0,0,14
ESA,2012,0,0,0,11
ESA,2016,0,0,0,10
ESP,1900,2,0,0,12
ESP,1920,0,23,0,111
ESP,1924,0,0,0,151
ESP,1928,3,0,0,106
ESP,1932,0,0,1,8
ESP,1948,0,3,0,84
ESP,1952,0,1,0,42
ESP,1956,0,0,0,12
ESP,1960,0,0,14,238
ESP,1964,0,0,0,67
ESP,1968,0,0,0,137
ESP,1972,0,0,1,162
ESP,1976,0,6,0,160
ESP,1980,2,19,3,211
ESP,1984,2,14,3,257
ESP,1988,1,2,2,317
ESP,1992,48,19,2,537
ESP,1996,23,21,22,384
ESP,2000,3,19,20,431
ESP,2004,4,17,9,423
ESP,2008,7,47,16,355
ESP,2012,5,33,25,339
ESP,2016,9,19,17,363
EST,1920,1,2,0,20
EST,1924,1,1,4,47
EST,1928,2,1,6,23
EST,1932,0,0,0,3
EST,1936,2,2,3,36
EST,1992,1,0,2,46
EST,1996,0,0,0,52
EST,2000,1,0,2,41
EST,2004,0,1,2,45
EST,2008,1,2,0,53
EST,2012,0,1,1,36
EST,2016,0,0,4,49
ETH,1956,0,0,0,30
ETH,1960,1,0,0,15
ETH,1964,1,0,0,19
ETH,1968,1,1,0,26
ETH,1972,0,0,2,40
ETH,1980,2,0,2,48
ETH,1992,1,0,2,24
ETH,1996,2,0,1,19
ETH,2000,4,1,3,27
ETH,2004,2,3,2,27
ETH,2008,4,1,2,29
ETH,2012,3,1,3,34
ETH,2016,1,2,5,38
EUN,1992,92,61,67,650
FIJ,1956,0,0,0,5
FIJ,1960,0,0,0,3
FIJ,1968,0,0,0,1
FIJ,1972,0,0,0,4
FIJ,1976,0,0,0,5
FIJ,1984,0,0,0,26
FIJ,1988,0,0,0,41
FIJ,1992,0,0,0,36
FIJ,1996,0,0,0,21
FIJ,2000,0,0,0,9
FIJ,2004,0,0,0,9
FIJ,2008,0,0,0,6
FIJ,2012,0,0,0,9
FIJ,2016,13,0,0,53
FIN,1906,2,1,1,18
FIN,1908,1,1,28,94
FIN,1912,9,40,22,233
FIN,1920,21,14,17,136
FIN,1924,24,13,15,253
FIN,1928,8,8,9,132
FIN,1932,5,8,16,66
FIN,1936,8,6,13,186
FIN,1948,17,8,8,215
FIN,1952,8,3,29,412
FIN,1956,3,1,22,147
FIN,1960,1,1,4,219
FIN,1964,3,0,2,151
FIN,1968,1,2,1,126
FIN,1972,3,1,6,133
FIN,1976,4,2,0,108
FIN,1980,3,1,5,125
FIN,1984,4,2,6,107
FIN,1988,1,1,2,101
FIN,1992,1,4,2,130
FIN,1996,1,2,1,105
FIN,2000,3,1,1,88
FIN,2004,0,2,0,67
FIN,2008,1,2,2,70
FIN,2012,0,1,4,69
FIN,2016,0,0,1,67
FRA,1896,5,4,2,26
FRA,1900,52,101,82,1071
FRA,1904,0,2,0,2
FRA,1906,20,16,28,174
FRA,1908,12,5,23,319
FRA,1912,10,11,5,232
FRA,1920,13,71,57,452
FRA,1924,37,51,22,636
FRA,1928,12,24,14,422
FRA,1932,26,8,6,159
FRA,1936,13,13,18,303
FRA,1948,26,22,24,433
FRA,1952,14,9,17,408
FRA,1956,7,13,13,227
FRA,1960,0,6,6,363
FRA,1964,1,13,17,214
FRA,1968,12,5,10,311
FRA,1972,2,5,15,356
FRA,1976,5,7,8,302
FRA,1980,18,5,6,200
FRA,1984,20,16,31,354
FRA,1988,12,4,13,413
FRA,1992,9,5,43,486
FRA,1996,21,10,20,453
FRA,2000,22,30,14,470
FRA,2004,21,10,22,461
FRA,2008,25,24,28,448
FRA,2012,30,30,22,426
FRA,2016,20,55,21,512
FRG,1968,17,16,18,432
FRG,1972,44,19,39,587
FRG,1976,21,25,32,452
FRG,1984,30,75,53,571
FRG,1988,32,37,46,516
FSM,2000,0,0,0,5
FSM,2004,0,0,0,5
FSM,2008,0,0,0,5
FSM,2012,0,0,0,6
FSM,2016,0,0,0,5
GAB,1972,0,0,0,1
GAB,1984,0,0,0,4
GAB,1988,0,0,0,2
GAB,1992,0,0,0,5
GAB,1996,0,0,0,9
GAB,2000,0,0,0,6
GAB,2004,0,0,0,5
GAB,2008,0,0,0,4
GAB,2012,0,1,0,21
GAB,2016,0,0,0,6
GAM,1984,0,0,0,16
GAM,1988,0,0,0,6
GAM,1992,0,0,0,8
GAM,1996,0,0,0,12
GAM,2000,0,0,0,2
GAM,2004,0,0,0,3
GAM,2008,0,0,0,3
GAM,2012,0,0,0,2
GAM,2016,0,0,0,4
GBR,1896,3,3,3,25
GBR,1900,59,34,15,146
GBR,1904,1,1,0,6
GBR,1906,9,22,8,113
GBR,1908,147,131,90,972
GBR,1912,47,64,59,461
GBR,1920,52,42,17,345
GBR,1924,15,30,19,428
GBR,1928,7,27,24,354
GBR,1932,9,12,14,170
GBR,1936,12,16,8,250
GBR,1948,7,42,12,590
GBR,1952,3,2,26,401
GBR,1956,8,16,22,283
GBR,1960,2,11,15,389
GBR,1964,4,19,5,301
GBR,1968,9,5,5,328
GBR,1972,8,9,12,433
GBR,1976,6,15,11,353
GBR,1980,5,18,24,328
GBR,1984,9,20,42,509
GBR,1988,22,17,15,472
GBR,1992,8,3,39,512
GBR,1996,2,15,9,391
GBR,2000,22,20,12,415
GBR,2004,17,25,15,360
GBR,2008,31,25,25,420
GBR,2012,48,30,48,684
GBR,2016,64,55,26,478
GBS,1996,0,0,0,3
GBS,2000,0,0,0,3
GBS,2004,0,0,0,3
GBS,2008,0,0,0,3
GBS,2012,0,0,0,4
GBS,2016,0,0,0,5
GDR,1968,13,20,19,346
GDR,1972,30,64,57,454
GDR,1976,102,51,42,407
GDR,1980,115,88,61,495
GDR,1988,79,54,48,402
GEO,1996,0,0,2,42
GEO,2000,0,0,6,47
GEO,2004,2,2,0,39
GEO,2008,3,0,3,38
GEO,2012,1,3,3,36
GEO,2016,2,1,4,45
GEQ,1984,0,0,0,5
GEQ,1988,0,0,0,7
GEQ,1992,0,0,0,8
GEQ,1996,0,0,0,8
GEQ,2000,0,0,0,4
GEQ,2004,0,0,0,2
GEQ,2008,0,0,0,3
GEQ,2012,0,0,0,2
GEQ,2016,0,0,0,1
GER,1896,25,5,2,94
GER,1900,14,20,11,103
GER,1904,4,5,7,55
GER,1906,14,10,6,157
GER,1908,4,11,6,148
GER,1912,11,19,23,312
GER,1928,21,15,41,399
GER,1932,10,26,7,202
GER,1936,93,70,61,581
GER,1952,0,14,26,365
GER,1956,9,20,23,261
GER,1960,34,33,22,425
GER,1964,22,44,50,478
GER,1992,81,57,60,653
GER,1996,42,35,47,626
GER,2000,31,23,64,567
GER,2004,41,45,63,592
GER,2008,42,16,41,558
GER,2012,45,27,22,510
GER,2016,49,43,67,536
GHA,1952,0,0,0,9
GHA,1960,0,1,0,15
GHA,1964,0,0,1,40
GHA,1968,0,0,0,36
GHA,1972,0,0,1,41
GHA,1984,0,0,0,27
GHA,1988,0,0,0,21
GHA,1992,0,0,20,41
GHA,1996,0,0,0,40
GHA,2000,0,0,0,28
GHA,2004,0,0,0,29
GHA,2008,0,0,0,9
GHA,2012,0,0,0,7
GHA,2016,0,0,0,15
GRE,1896,10,18,20,148
GRE,1900,0,0,0,4
GRE,1904,1,0,1,17
GRE,1906,24,48,30,484
GRE,1908,0,3,1,49
GRE,1912,1,0,1,77
GRE,1920,0,5,0,98
GRE,1924,1,0,0,79
GRE,1928,0,0,0,47
GRE,1932,0,0,0,16
GRE,1936,0,0,0,64
GRE,1948,0,0,0,97
GRE,1952,0,0,0,54
GRE,1956,0,0,1,16
GRE,1960,3,0,0,59
GRE,1964,0,0,0,19
GRE,1968,0,0,1,44
GRE,1972,0,2,0,66
GRE,1976,0,0,0,40
GRE,1980,1,0,4,45
GRE,1984,0,1,1,73
GRE,1988,0,0,1,72
GRE,1992,2,0,0,76
GRE,1996,4,4,0,180
GRE,2000,4,6,8,175
GRE,2004,8,18,5,499
GRE,2008,0,3,4,176
GRE,2012,0,0,3,115
GRE,2016,3,1,3,104
GRN,1984,0,0,0,6
GRN,1988,0,0,0,7
GRN,1992,0,0,0,5
GRN,1996,0,0,0,5
GRN,2000,0,0,0,3
GRN,2004,0,0,0,5
GRN,2008,0,0,0,9
GRN,2012,1,0,0,8
GRN,2016,0,1,0,6
GUA,1932,0,0,0,1
GUA,1952,0,0,0,35
GUA,1968,0,0,0,67
GUA,1972,0,0,0,11
GUA,1976,0,0,0,28
GUA,1980,0,0,0,10
GUA,1984,0,0,0,53
GUA,1988,0,0,0,37
GUA,1992,0,0,0,41
GUA,1996,0,0,0,28
GUA,2000,0,0,0,18
GUA,2004,0,0,0,19
GUA,2008,0,0,0,13
GUA,2012,0,1,0,24
GUA,2016,0,0,0,25
GUI,1968,0,0,0,15
GUI,1980,0,0,0,10
GUI,1984,0,0,0,1
GUI,1988,0,0,0,7
GUI,1992,0,0,0,11
GUI,1996,0,0,0,5
GUI,2000,0,0,0,6
GUI,2004,0,0,0,4
GUI,2008,0,0,0,5
GUI,2012,0,0,0,4
GUI,2016,0,0,0,5
GUM,1988,0,0,0,26
GUM,1992,0,0,0,45
GUM,1996,0,0,0,9
GUM,2000,0,0,0,7
GUM,2004,0,0,0,4
GUM,2008,0,0,0,7
GUM,2012,0,0,0,8
GUM,2016,0,0,0,5
GUY,1948,0,0,0,7
GUY,1952,0,0,0,1
GUY,1956,0,0,0,6
GUY,1960,0,0,0,6
GUY,1964,0,0,0,1
GUY,1968,0,0,0,6
GUY,1972,0,0,0,4
GUY,1980,0,0,1,10
GUY,1984,0,0,0,12
GUY,1988,0,0,0,8
GUY,1992,0,0,0,7
GUY,1996,0,0,0,9
GUY,2000,0,0,0,4
GUY,2004,0,0,0,4
GUY,2008,0,0,0,4
GUY,2012,0,0,0,6
GUY,2016,0,0,0,7
HAI,1900,1,0,0,4
HAI,1924,0,0,5,16
HAI,1928,0,1,0,3
HAI,1932,0,0,0,3
HAI,1960,0,0,0,1
HAI,1972,0,0,0,7
HAI,1976,0,0,0,14
HAI,1984,0,0,0,3
HAI,1988,0,0,0,5
HAI,1992,0,0,0,8
HAI,1996,0,0,0,7
HAI,2000,0,0,0,5
HAI,2004,0,0,0,8
HAI,2008,0,0,0,7
HAI,2012,0,0,0,5
HAI,2016,0,0,0,10
HKG,1952,0,0,0,9
HKG,1956,0,0,0,4
HKG,1960,0,0,0,4
HKG,1964,0,0,0,50
HKG,1968,0,0,0,25
HKG,1972,0,0,0,18
HKG,1976,0,0,0,50
HKG,1984,0,0,0,87
HKG,1988,0,0,0,91
HKG,1992,0,0,0,66
HKG,1996,1,0,0,32
HKG,2000,0,0,0,46
HKG,2004,0,2,0,42
HKG,2008,0,0,0,47
HKG,2012,0,0,1,55
HKG,2016,0,0,0,47
HON,1968,0,0,0,6
HON,1976,0,0,0,3
HON,1984,0,0,0,26
HON,1988,0,0,0,18
HON,1992,0,0,0,27
HON,1996,0,0,0,7
HON,2000,0,0,0,20
HON,2004,0,0,0,5
HON,2008,0,0,0,26
HON,2012,0,0,0,25
HON,2016,0,0,0,23
HUN,1896,2,1,3,18
HUN,1900,1,2,2,34
HUN,1904,2,1,1,9
HUN,1906,5,5,3,99
HUN,1908,7,7,6,107
HUN,1912,10,17,3,207
HUN,1924,2,12,8,140
HUN,1928,10,11,0,219
HUN,1932,20,5,8,118
HUN,1936,25,1,15,335
HUN,1948,15,25,22,222
HUN,1952,53,17,32,345
HUN,1956,30,20,14,197
HUN,1960,13,16,37,312
HUN,1964,42,7,7,319
HUN,1968,32,20,29,303
HUN,1972,10,46,25,367
HUN,1976,14,6,35,288
HUN,1980,8,13,40,392
HUN,1988,20,9,15,315
HUN,1992,14,23,8,351
HUN,1996,8,9,26,315
HUN,2000,25,24,4,238
HUN,2004,24,12,4,258
HUN,2008,16,8,3,216
HUN,2012,12,8,6,201
HUN,2016,12,3,7,204
INA,1952,0,0,0,3
INA,1956,0,0,0,24
INA,1960,0,0,0,27
INA,1968,0,0,0,6
INA,1972,0,0,0,7
INA,1976,0,0,0,11
INA,1984,0,0,0,23
INA,1988,0,3,0,43
INA,1992,2,3,1,51
INA,1996,2,1,3,45
INA,2000,2,4,2,54
INA,2004,1,1,3,39
INA,2008,2,2,3,26
INA,2012,0,1,1,22
INA,2016,2,2,0,31
IND,1900,0,2,0,5
IND,1920,0,0,0,7
IND,1924,0,0,0,24
IND,1928,14,0,0,24
IND,1932,15,0,0,26
IND,1936,19,0,0,30
IND,1948,20,0,0,89
IND,1952,14,0,1,94
IND,1956,17,0,0,79
IND,1960,0,13,0,49
IND,1964,15,0,0,111
IND,1968,0,0,16,27
IND,1972,0,0,14,43
IND,1976,0,0,0,26
IND,1980,16,0,0,78
IND,1984,0,0,0,53
IND,1988,0,0,0,55
IND,1992,0,0,0,61
IND,1996,0,0,1,54
IND,2000,0,0,1,70
IND,2004,0,1,0,81
IND,2008,1,0,2,67
IND,2012,0,2,4,95
IND,2016,0,1,1,130
IOA,1992,0,1,2,76
IOA,2000,0,0,0,4
IOA,2012,0,0,0,4
IOA,2016,1,0,1,9
IRI,1900,0,0,0,1
IRI,1948,0,0,1,39
IRI,1952,0,3,4,23
IRI,1956,2,2,1,17
IRI,1960,0,1,3,24
IRI,1964,0,0,2,96
IRI,1968,2,1,2,14
IRI,1972,0,2,1,56
IRI,1976,0,1,1,104
IRI,1988,0,1,0,26
IRI,1992,0,1,2,44
IRI,1996,1,1,1,18
IRI,2000,3,0,1,34
IRI,2004,2,2,2,37
IRI,2008,1,0,1,55
IRI,2012,4,5,3,57
IRI,2016,3,1,4,67
IRL,1924,0,1,1,60
IRL,1928,1,0,0,44
IRL,1932,2,0,0,18
IRL,1948,0,0,1,83
IRL,1952,0,1,0,25
IRL,1956,1,1,3,25
IRL,1960,0,0,0,63
IRL,1964,0,0,1,35
IRL,1968,0,0,0,57
IRL,1972,0,0,0,84
IRL,1976,0,0,0,59
IRL,1980,0,2,1,57
IRL,1984,0,1,0,55
IRL,1988,0,0,0,78
IRL,1992,1,1,0,77
IRL,1996,3,0,1,99
IRL,2000,0,1,0,76
IRL,2004,0,0,0,55
IRL,2008,0,1,2,63
IRL,2012,1,1,3,76
IRL,2016,0,3,0,93
IRQ,1948,0,0,0,13
IRQ,1960,0,0,1,28
IRQ,1964,0,0,0,19
IRQ,1968,0,0,0,4
IRQ,1980,0,0,0,44
IRQ,1984,0,0,0,25
IRQ,1988,0,0,0,28
IRQ,1992,0,0,0,8
IRQ,1996,0,0,0,3
IRQ,2000,0,0,0,4
IRQ,2004,0,0,0,24
IRQ,2008,0,0,0,4
IRQ,2012,0,0,0,8
IRQ,2016,0,0,0,20
ISL,1908,0,0,0,1
ISL,1912,0,0,0,2
ISL,1936,0,0,0,13
ISL,1948,0,0,0,27
ISL,1952,0,0,0,18
ISL,1956,0,1,0,2
ISL,1960,0,0,0,11
ISL,1964,0,0,0,5
ISL,1968,0,0,0,16
ISL,1972,0,0,0,30
ISL,1976,0,0,0,22
ISL,1980,0,0,0,12
ISL,1984,0,0,1,35
ISL,1988,0,0,0,42
ISL,1992,0,0,0,31
ISL,1996,0,0,0,15
ISL,2000,0,0,1,29
ISL,2004,0,0,0,34
ISL,2008,0,14,0,31
ISL,2012,0,0,0,36
ISL,2016,0,0,0,14
ISR,1952,0,0,0,31
ISR,1956,0,0,0,3
ISR,1960,0,0,0,46
ISR,1964,0,0,0,13
ISR,1968,0,0,0,39
ISR,1972,0,0,0,17
ISR,1976,0,0,0,34
ISR,1984,0,0,0,65
ISR,1988,0,0,0,29
ISR,1992,0,1,1,44
ISR,1996,0,0,1,38
ISR,2000,0,0,1,58
ISR,2004,1,0,1,46
ISR,2008,0,0,1,60
ISR,2012,0,0,0,56
ISR,2016,0,0,2,59
ISV,1968,0,0,0,6
ISV,1972,0,0,0,16
ISV,1976,0,0,0,26
ISV,1984,0,0,0,52
ISV,1988,0,1,0,46
ISV,1992,0,0,0,34
ISV,1996,0,0,0,14
ISV,2000,0,0,0,12
ISV,2004,0,0,0,9
ISV,2008,0,0,0,8
ISV,2012,0,0,0,9
ISV,2016,0,0,0,7
ITA,1896,0,0,0,1
ITA,1900,3,2,0,36
ITA,1904,0,0,0,1
ITA,1906,21,8,27,103
ITA,1908,2,6,0,97
ITA,1912,22,1,2,96
ITA,1920,67,9,8,291
ITA,1924,25,5,21,333
ITA,1928,24,22,26,273
ITA,1932,21,38,18,154
ITA,1936,37,34,5,349
ITA,1948,21,32,14,310
ITA,1952,17,22,15,376
ITA,1956,26,11,10,207
ITA,1960,36,18,34,402
ITA,1964,14,28,9,256
ITA,1968,5,8,20,268
ITA,1972,9,3,13,345
ITA,1976,2,25,4,312
ITA,1980,8,21,8,203
ITA,1984,29,6,28,368
ITA,1988,11,10,8,374
ITA,1992,21,10,14,431
ITA,1996,19,24,28,460
ITA,2000,22,14,29,457
ITA,2004,24,41,39,474
ITA,2008,8,14,20,459
ITA,2012,16,22,30,382
ITA,2016,8,40,24,399
IVB,1984,0,0,0,13
IVB,1988,0,0,0,4
IVB,1992,0,0,0,4
IVB,1996,0,0,0,11
IVB,2000,0,0,0,1
IVB,2004,0,0,0,1
IVB,2008,0,0,0,2
IVB,2012,0,0,0,2
IVB,2016,0,0,0,4
JAM,1948,1,2,0,26
JAM,1952,5,3,0,16
JAM,1956,0,0,0,13
JAM,1964,0,0,0,32
JAM,1968,0,1,0,35
JAM,1972,0,0,1,51
JAM,1976,1,1,0,36
JAM,1980,0,0,3,32
JAM,1984,0,5,2,75
JAM,1988,0,7,0,49
JAM,1992,0,3,1,51
JAM,1996,1,3,12,69
JAM,2000,0,20,3,65
JAM,2004,6,1,6,62
JAM,2008,5,3,6,66
JAM,2012,8,9,8,62
JAM,2016,11,17,2,77
JOR,1980,0,0,0,6
JOR,1984,0,0,0,15
JOR,1988,0,0,0,9
JOR,1992,0,0,0,5
JOR,1996,0,0,0,5
JOR,2000,0,0,0,8
JOR,2004,0,0,0,8
JOR,2008,0,0,0,7
JOR,2012,0,0,0,9
JOR,2016,1,0,0,8
JPN,1912,0,0,0,4
JPN,1920,0,3,0,26
JPN,1924,0,0,1,37
JPN,1928,2,6,1,56
JPN,1932,10,17,4,203
JPN,1936,9,4,10,325
JPN,1952,1,9,2,133
JPN,1956,4,15,5,222
JPN,1960,9,10,12,278
JPN,1964,32,5,25,456
JPN,1968,16,25,22,289
JPN,1972,29,19,8,293
JPN,1976,25,6,10,328
JPN,1984,10,8,31,365
JPN,1988,4,3,13,412
JPN,1992,3,8,36,392
JPN,1996,3,26,13,448
JPN,2000,5,31,8,363
JPN,2004,21,20,52,414
JPN,2008,23,15,13,457
JPN,2012,7,44,33,399
JPN,2016,17,13,34,436
KAZ,1996,3,4,4,142
KAZ,2000,3,4,0,158
KAZ,2004,1,4,3,130
KAZ,2008,2,4,7,146
KAZ,2012,7,1,5,132
KAZ,2016,3,5,10,123
KEN,1956,0,0,0,31
KEN,1960,0,0,0,30
KEN,1964,0,0,1,41
KEN,1968,3,7,2,50
KEN,1972,5,3,4,69
KEN,1984,1,0,2,67
KEN,1988,5,2,2,88
KEN,1992,2,4,2,55
KEN,1996,1,4,3,54
KEN,2000,2,3,2,59
KEN,2004,1,4,2,46
KEN,2008,6,4,5,47
KEN,2012,2,4,5,51
KEN,2016,6,6,1,80
KGZ,1996,0,0,0,53
KGZ,2000,0,0,1,71
KGZ,2004,0,0,0,32
KGZ,2008,0,1,1,22
KGZ,2012,0,0,0,15
KGZ,2016,0,0,0,19
KIR,2004,0,0,0,3
KIR,2008,0,0,0,2
KIR,2012,0,0,0,3
KIR,2016,0,0,0,3
KOR,1948,0,0,2,48
KOR,1952,0,0,2,22
KOR,1956,0,1,1,36
KOR,1960,0,0,0,49
KOR,1964,0,2,1,240
KOR,1968,0,1,1,66
KOR,1972,0,1,0,43
KOR,1976,1,1,15,51
KOR,1984,6,28,7,240
KOR,1988,28,37,12,551
KOR,1992,28,5,16,322
KOR,1996,10,49,7,417
KOR,2000,12,26,35,359
KOR,2004,14,28,10,344
KOR,2008,41,11,26,329
KOR,2012,18,13,30,312
KOR,2016,13,3,10,263
KOS,2016,1,0,0,8
KSA,1972,0,0,0,14
KSA,1976,0,0,0,19
KSA,1984,0,0,0,42
KSA,1988,0,0,0,13
KSA,1992,0,0,0,17
KSA,1996,0,0,0,34
KSA,2000,0,1,1,23
KSA,2004,0,0,0,16
KSA,2008,0,0,0,18
KSA,2012,0,0,4,23
KSA,2016,0,0,0,11
KUW,1968,0,0,0,2
KUW,1972,0,0,0,4
KUW,1976,0,0,0,21
KUW,1980,0,0,0,67
KUW,1984,0,0,0,31
KUW,1988,0,0,0,34
KUW,1992,0,0,0,37
KUW,1996,0,0,0,27
KUW,2000,0,0,1,30
KUW,2004,0,0,0,11
KUW,2008,0,0,0,8
KUW,2012,0,0,1,12
LAO,1980,0,0,0,19
LAO,1988,0,0,0,3
LAO,1992,0,0,0,7
LAO,1996,0,0,0,5
LAO,2000,0,0,0,3
LAO,2004,0,0,0,5
LAO,2008,0,0,0,4
LAO,2012,0,0,0,3
LAO,2016,0,0,0,5
LAT,1924,0,0,0,47
LAT,1928,0,0,0,24
LAT,1932,0,1,0,13
LAT,1936,0,1,1,33
LAT,1992,0,2,1,40
LAT,1996,0,1,0,55
LAT,2000,1,1,1,60
LAT,2004,0,4,0,45
LAT,2008,1,1,1,53
LAT,2012,1,0,2,50
LAT,2016,0,0,0,33
LBA,1968,0,0,0,1
LBA,1980,0,0,0,38
LBA,1988,0,0,0,7
LBA,1992,0,0,0,5
LBA,1996,0,0,0,5
LBA,2000,0,0,0,3
LBA,2004,0,0,0,8
LBA,2008,0,0,0,6
LBA,2012,0,0,0,4
LBA,2016,0,0,0,7
LBR,1956,0,0,0,11
LBR,1960,0,0,0,6
LBR,1964,0,0,0,2
LBR,1972,0,0,0,5
LBR,1984,0,0,0,10
LBR,1988,0,0,0,11
LBR,1996,0,0,0,7
LBR,2000,0,0,0,10
LBR,2004,0,0,0,2
LBR,2008,0,0,0,4
LBR,2012,0,0,0,3
LBR,2016,0,0,0,3
LCA,1996,0,0,0,8
LCA,2000,0,0,0,5
LCA,2004,0,0,0,2
LCA,2008,0,0,0,4
LCA,2012,0,0,0,4
LCA,2016,0,0,0,5
LES,1972,0,0,0,2
LES,1980,0,0,0,7
LES,1984,0,0,0,5
LES,1988,0,0,0,6
LES,1992,0,0,0,8
LES,1996,0,0,0,11
LES,2000,0,0,0,6
LES,2004,0,0,0,3
LES,2008,0,0,0,5
LES,2012,0,0,0,4
LES,2016,0,0,0,9
LIB,1948,0,0,0,9
LIB,1952,0,1,1,9
LIB,1960,0,0,0,22
LIB,1964,0,0,0,8
LIB,1968,0,0,0,15
LIB,1972,0,1,0,36
LIB,1976,0,0,0,4
LIB,1980,0,0,1,19
LIB,1984,0,0,0,30
LIB,1988,0,0,0,31
LIB,1992,0,0,0,18
LIB,1996,0,0,0,1
LIB,2000,0,0,0,6
LIB,2004,0,0,0,5
LIB,2008,0,0,0,6
LIB,2012,0,0,0,10
LIB,2016,0,0,0,9
LIE,1936,0,0,0,8
LIE,1948,0,0,0,2
LIE,1952,0,0,0,2
LIE,1960,0,0,0,8
LIE,1964,0,0,0,3
LIE,1968,0,0,0,3
LIE,1972,0,0,0,12
LIE,1976,0,0,0,9
LIE,1984,0,0,0,8
LIE,1988,0,0,0,16
LIE,1992,0,0,0,8
LIE,1996,0,0,0,2
LIE,2000,0,0,0,2
LIE,2004,0,0,0,1
LIE,2008,0,0,0,2
LIE,2012,0,0,0,4
LIE,2016,0,0,0,3
LTU,1924,0,0,0,13
LTU,1928,0,0,0,13
LTU,1992,1,0,12,54
LTU,1996,0,0,11,81
LTU,2000,2,0,15,77
LTU,2004,1,2,0,70
LTU,2008,0,2,3,78
LTU,2012,2,1,2,72
LTU,2016,0,2,5,80
LUX,1900,1,0,0,1
LUX,1912,0,0,0,44
LUX,1920,0,1,0,35
LUX,1924,1,1,0,122
LUX,1928,1,0,0,107
LUX,1932,0,0,0,11
LUX,1936,0,0,0,129
LUX,1948,0,0,0,115
LUX,1952,1,0,0,101
LUX,1956,0,0,0,27
LUX,1960,0,0,0,117
LUX,1964,0,0,0,27
LUX,1968,0,0,0,7
LUX,1972,0,0,0,15
LUX,1976,0,0,0,9
LUX,1980,0,0,0,4
LUX,1984,0,0,0,5
LUX,1988,0,0,0,11
LUX,1992,0,0,0,8
LUX,1996,0,0,0,7
LUX,2000,0,0,0,9
LUX,2004,0,0,0,14
LUX,2008,0,0,0,19
LUX,2012,0,0,0,11
LUX,2016,0,0,0,15
MAD,1964,0,0,0,4
MAD,1968,0,0,0,6
MAD,1972,0,0,0,13
MAD,1980,0,0,0,18
MAD,1984,0,0,0,5
MAD,1992,0,0,0,17
MAD,1996,0,0,0,14
MAD,2000,0,0,0,13
MAD,2004,0,0,0,8
MAD,2008,0,0,0,6
MAD,2012,0,0,0,7
MAD,2016,0,0,0,6
MAL,1956,0,0,0,34
MAL,1960,0,0,0,11
MAR,1960,0,1,0,111
MAR,1964,0,0,0,21
MAR,1968,0,0,0,25
MAR,1972,0,0,0,39
MAR,1976,0,0,0,9
MAR,1984,2,0,0,35
MAR,1988,1,0,2,29
MAR,1992,1,1,1,45
MAR,1996,0,0,2,38
MAR,2000,0,1,4,55
MAR,2004,2,1,0,57
MAR,2008,0,1,1,49
MAR,2012,0,0,1,67
MAR,2016,0,0,1,52
MAS,1964,0,0,0,81
MAS,1968,0,0,0,35
MAS,1972,0,0,0,57
MAS,1976,0,0,0,25
MAS,1984,0,0,0,27
MAS,1988,0,0,0,17
MAS,1992,0,0,2,30
MAS,1996,0,2,1,43
MAS,2000,0,0,0,55
MAS,2004,0,0,0,38
MAS,2008,0,1,0,42
MAS,2012,0,1,1,38
MAS,2016,0,7,1,42
MAW,1972,0,0,0,18
MAW,1984,0,0,0,23
MAW,1988,0,0,0,22
MAW,1992,0,0,0,4
MAW,1996,0,0,0,2
MAW,2000,0,0,0,2
MAW,2004,0,0,0,4
MAW,2008,0,0,0,4
MAW,2012,0,0,0,3
MAW,2016,0,0,0,5
MDA,1996,0,2,1,50
MDA,2000,0,1,1,35
MDA,2004,0,0,0,33
MDA,2008,0,0,1,30
MDA,2012,0,0,2,20
MDA,2016,0,0,0,23
MDV,1988,0,0,0,9
MDV,1992,0,0,0,10
MDV,1996,0,0,0,9
MDV,2000,0,0,0,4
MDV,2004,0,0,0,4
MDV,2008,0,0,0,4
MDV,2012,0,0,0,5
MDV,2016,0,0,0,4
MEX,1900,0,0,3,3
MEX,1924,0,0,0,28
MEX,1928,0,0,0,55
MEX,1932,0,2,0,100
MEX,1936,0,0,16,32
MEX,1948,4,1,4,149
MEX,1952,0,1,0,85
MEX,1956,1,0,1,36
MEX,1960,0,0,1,110
MEX,1964,0,0,1,128
MEX,1968,3,3,3,446
MEX,1972,0,1,0,281
MEX,1976,1,0,1,137
MEX,1980,0,1,9,74
MEX,1984,2,3,1,155
MEX,1988,0,0,2,144
MEX,1992,0,1,0,140
MEX,1996,0,0,1,111
MEX,2000,1,2,3,98
MEX,2004,0,3,1,137
MEX,2008,2,0,2,103
MEX,2012,16,5,3,119
MEX,2016,0,3,2,139
MGL,1964,0,0,0,40
MGL,1968,0,1,3,38
MGL,1972,0,1,0,44
MGL,1976,0,1,0,33
MGL,1980,0,2,2,57
MGL,1988,0,0,1,32
MGL,1992,0,0,2,38
MGL,1996,0,0,1,18
MGL,2000,0,0,0,23
MGL,2004,0,0,1,21
MGL,2008,2,2,0,31
MGL,2012,0,2,3,32
MGL,2016,0,1,1,46
MHL,2008,0,0,0,5
MHL,2012,0,0,0,4
MHL,2016,0,0,0,5
MKD,1996,0,0,0,16
MKD,2000,0,0,1,15
MKD,2004,0,0,0,14
MKD,2008,0,0,0,7
MKD,2012,0,0,0,4
MKD,2016,0,0,0,6
MLI,1964,0,0,0,2
MLI,1968,0,0,0,2
MLI,1972,0,0,0,3
MLI,1980,0,0,0,7
MLI,1984,0,0,0,5
MLI,1988,0,0,0,8
MLI,1992,0,0,0,6
MLI,1996,0,0,0,4
MLI,2000,0,0,0,5
MLI,2004,0,0,0,21
MLI,2008,0,0,0,17
MLI,2012,0,0,0,6
MLI,2016,0,0,0,6
MLT,1928,0,0,0,9
MLT,1936,0,0,0,11
MLT,1948,0,0,0,1
MLT,1960,0,0,0,13
MLT,1968,0,0,0,1
MLT,1972,0,0,0,5
MLT,1980,0,0,0,12
MLT,1984,0,0,0,7
MLT,1988,0,0,0,6
MLT,1992,0,0,0,8
MLT,1996,0,0,0,10
MLT,2000,0,0,0,7
MLT,2004,0,0,0,7
MLT,2008,0,0,0,6
MLT,2012,0,0,0,5
MLT,2016,0,0,0,8
MNE,2008,0,0,0,20
MNE,2012,0,14,0,34
MNE,2016,0,0,0,35
MON,1920,0,0,0,7
MON,1924,0,0,1,9
MON,1928,0,0,0,12
MON,1932,0,0,0,1
MON,1936,0,0,0,11
MON,1948,0,0,0,4
MON,1952,0,0,0,10
MON,1960,0,0,0,13
MON,1964,0,0,0,1
MON,1968,0,0,0,2
MON,1972,0,0,0,5
MON,1976,0,0,0,10
MON,1984,0,0,0,8
MON,1988,0,0,0,9
MON,1992,0,0,0,4
MON,1996,0,0,0,4
MON,2000,0,0,0,4
MON,2004,0,0,0,3
MON,2008,0,0,0,5
MON,2012,0,0,0,6
MON,2016,0,0,0,8
MOZ,1980,0,0,0,16
MOZ,1984,0,0,0,14
MOZ,1988,0,0,0,12
MOZ,1992,0,0,0,7
MOZ,1996,0,0,1,3
MOZ,2000,1,0,0,4
MOZ,2004,0,0,0,4
MOZ,2008,0,0,0,4
MOZ,2012,0,0,0,6
MOZ,2016,0,0,0,8
MRI,1984,0,0,0,7
MRI,1988,0,0,0,11
MRI,1992,0,0,0,22
MRI,1996,0,0,0,36
MRI,2000,0,0,0,26
MRI,2004,0,0,0,9
MRI,2008,0,0,1,11
MRI,2012,0,0,0,11
MRI,2016,0,0,0,11
MTN,1984,0,0,0,2
MTN,1988,0,0,0,7
MTN,1992,0,0,0,6
MTN,1996,0,0,0,4
MTN,2000,0,0,0,2
MTN,2004,0,0,0,2
MTN,2008,0,0,0,2
MTN,2012,0,0,0,2
MTN,2016,0,0,0,2
MYA,1948,0,0,0,5
MYA,1952,0,0,0,5
MYA,1956,0,0,0,12
MYA,1960,0,0,0,10
MYA,1964,0,0,0,12
MYA,1968,0,0,0,4
MYA,1972,0,0,0,19
MYA,1980,0,0,0,2
MYA,1984,0,0,0,1
MYA,1988,0,0,0,3
MYA,1992,0,0,0,5
MYA,1996,0,0,0,3
MYA,2000,0,0,0,7
MYA,2004,0,0,0,2
MYA,2008,0,0,0,7
MYA,2012,0,0,0,6
MYA,2016,0,0,0,8
NAM,1992,0,2,0,10
NAM,1996,0,2,0,10
NAM,2000,0,0,0,16
NAM,2004,0,0,0,10
NAM,2008,0,0,0,11
NAM,2012,0,0,0,9
NAM,2016,0,0,0,11
NBO,1956,0,0,0,2
NCA,1968,0,0,0,16
NCA,1972,0,0,0,10
NCA,1976,0,0,0,25
NCA,1980,0,0,0,6
NCA,1984,0,0,0,5
NCA,1992,0,0,0,9
NCA,1996,0,0,0,28
NCA,2000,0,0,0,6
NCA,2004,0,0,0,6
NCA,2008,0,0,0,7
NCA,2012,0,0,0,6
NCA,2016,0,0,0,5
NED,1900,3,8,16,73
NED,1906,0,1,5,49
NED,1908,0,0,16,218
NED,1912,0,0,26,45
NED,1920,15,10,25,213
NED,1924,8,1,18,246
NED,1928,20,29,8,384
NED,1932,2,10,1,80
NED,1936,9,7,21,227
NED,1948,8,2,32,187
NED,1952,0,18,0,180
NED,1956,0,0,0,1
NED,1960,0,1,2,160
NED,1964,5,10,16,158
NED,1968,6,7,1,140
NED,1972,3,1,2,199
NED,1976,0,2,12,175
NED,1980,0,1,5,112
NED,1984,20,7,14,185
NED,1988,3,6,36,202
NED,1992,5,20,8,257
NED,1996,38,9,26,290
NED,2000,27,29,23,285
NED,2004,4,51,22,264
NED,2008,39,18,4,283
NED,2012,21,29,19,222
NED,2016,9,25,13,329
NEP,1964,0,0,0,6
NEP,1972,0,0,0,2
NEP,1976,0,0,0,1
NEP,1980,0,0,0,10
NEP,1984,0,0,0,10
NEP,1988,0,0,0,20
NEP,1992,0,0,0,2
NEP,1996,0,0,0,6
NEP,2000,0,0,0,5
NEP,2004,0,0,0,6
NEP,2008,0,0,0,8
NEP,2012,0,0,0,5
NEP,2016,0,0,0,7
NFL,1904,0,0,0,1
NGR,1952,0,0,0,15
NGR,1956,0,0,0,14
NGR,1960,0,0,0,15
NGR,1964,0,0,1,19
NGR,1968,0,0,0,46
NGR,1972,0,0,1,36
NGR,1980,0,0,0,56
NGR,1984,0,1,4,36
NGR,1988,0,0,0,86
NGR,1992,0,7,4,72
NGR,1996,17,4,3,84
NGR,2000,6,2,0,100
NGR,2004,0,0,8,79
NGR,2008,0,16,7,89
NGR,2012,0,0,0,58
NGR,2016,0,0,18,77
NIG,1964,0,0,0,1
NIG,1968,0,0,0,2
NIG,1972,0,0,1,4
NIG,1984,0,0,0,4
NIG,1988,0,0,0,6
NIG,1992,0,0,0,3
NIG,1996,0,0,0,3
NIG,2000,0,0,0,4
NIG,2004,0,0,0,4
NIG,2008,0,0,0,4
NIG,2012,0,0,0,6
NIG,2016,0,1,0,6
NOR,1900,0,6,3,29
NOR,1904,2,0,0,6
NOR,1906,20,5,0,55
NOR,1908,7,32,3,103
NOR,1912,40,6,34,263
NOR,1920,58,52,27,267
NOR,1924,14,5,3,105
NOR,1928,4,4,1,79
NOR,1932,0,0,0,8
NOR,1936,1,12,15,84
NOR,1948,3,4,11,97
NOR,1952,5,8,0,190
NOR,1956,1,0,2,29
NOR,1960,2,0,0,50
NOR,1964,0,0,0,43
NOR,1968,4,2,0,86
NOR,1972,2,2,4,161
NOR,1976,2,4,0,79
NOR,1984,0,1,3,132
NOR,1988,2,20,0,79
NOR,1992,2,20,1,114
NOR,1996,2,3,18,116
NOR,2000,20,4,19,115
NOR,2004,5,0,2,60
NOR,2008,16,5,1,102
NOR,2012,15,1,1,69
NOR,2016,0,0,19,77
NRU,1996,0,0,0,3
NRU,2000,0,0,0,2
NRU,2004,0,0,0,3
NRU,2008,0,0,0,1
NRU,2012,0,0,0,2
NRU,2016,0,0,0,2
NZL,1900,1,0,0,1
NZL,1920,0,0,1,6
NZL,1924,0,0,1,6
NZL,1928,1,0,0,13
NZL,1932,0,2,0,29
NZL,1936,1,0,0,9
NZL,1948,0,0,0,8
NZL,1952,1,0,2,20
NZL,1956,3,0,0,57
NZL,1960,2,0,1,47
NZL,1964,4,0,2,88
NZL,1968,5,0,2,65
NZL,1972,9,4,1,112
NZL,1976,15,1,9,98
NZL,1980,0,0,0,7
NZL,1984,16,1,6,162
NZL,1988,4,4,16,112
NZL,1992,1,9,5,175
NZL,1996,3,2,4,129
NZL,2000,1,0,3,177
NZL,2004,4,2,0,184
NZL,2008,4,2,9,201
NZL,2012,9,3,15,204
NZL,2016,6,25,5,232
OMA,1984,0,0,0,22
OMA,1988,0,0,0,13
OMA,1992,0,0,0,5
OMA,1996,0,0,0,5
OMA,2000,0,0,0,8
OMA,2004,0,0,0,2
OMA,2008,0,0,0,4
OMA,2012,0,0,0,3
OMA,2016,0,0,0,4
PAK,1948,0,0,0,44
PAK,1952,0,0,0,51
PAK,1956,0,14,0,79
PAK,1960,13,0,1,53
PAK,1964,0,16,0,47
PAK,1968,13,0,0,15
PAK,1972,0,15,0,26
PAK,1976,0,0,16,24
PAK,1984,16,0,0,33
PAK,1988,0,0,1,33
PAK,1992,0,0,16,28
PAK,1996,0,0,0,24
PAK,2000,0,0,0,27
PAK,2004,0,0,0,26
PAK,2008,0,0,0,22
PAK,2012,0,0,0,21
PAK,2016,0,0,0,7
PAN,1928,0,0,0,2
PAN,1948,0,0,2,2
PAN,1952,0,0,0,1
PAN,1960,0,0,0,8
PAN,1964,0,0,0,15
PAN,1968,0,0,0,16
PAN,1972,0,0,0,8
PAN,1976,0,0,0,13
PAN,1984,0,0,0,10
PAN,1988,0,0,0,9
PAN,1992,0,0,0,7
PAN,1996,0,0,0,9
PAN,2000,0,0,0,7
PAN,2004,0,0,0,5
PAN,2008,1,0,0,5
PAN,2012,0,0,0,8
PAN,2016,0,0,0,14
PAR,1968,0,0,0,1
PAR,1972,0,0,0,3
PAR,1976,0,0,0,6
PAR,1984,0,0,0,18
PAR,1988,0,0,0,13
PAR,1992,0,0,0,31
PAR,1996,0,0,0,7
PAR,2000,0,0,0,5
PAR,2004,0,17,0,22
PAR,2008,0,0,0,7
PAR,2012,0,0,0,10
PAR,2016,0,0,0,11
PER,1900,0,0,0,2
PER,1932,0,0,0,3
PER,1936,0,0,0,46
PER,1948,1,0,0,49
PER,1956,0,0,0,10
PER,1960,0,0,0,33
PER,1964,0,0,0,40
PER,1968,0,0,0,33
PER,1972,0,0,0,31
PER,1976,0,0,0,14
PER,1980,0,0,0,38
PER,1984,0,1,0,44
PER,1988,0,12,0,26
PER,1992,0,1,0,21
PER,1996,0,0,0,33
PER,2000,0,0,0,22
PER,2004,0,0,0,14
PER,2008,0,0,0,13
PER,2012,0,0,0,16
PER,2016,0,0,0,34
PHI,1924,0,0,0,2
PHI,1928,0,0,1,6
PHI,1932,0,0,3,8
PHI,1936,0,0,1,40
PHI,1948,0,0,0,31
PHI,1952,0,0,0,28
PHI,1956,0,0,0,48
PHI,1960,0,0,0,49
PHI,1964,0,1,0,70
PHI,1968,0,0,0,89
PHI,1972,0,0,0,79
PHI,1976,0,0,0,22
PHI,1984,0,0,0,32
PHI,1988,0,0,1,42
PHI,1992,0,0,1,38
PHI,1996,0,1,0,18
PHI,2000,0,0,0,22
PHI,2004,0,0,0,21
PHI,2008,0,0,0,17
PHI,2012,0,0,0,11
PHI,2016,0,1,0,13
PLE,1996,0,0,0,1
PLE,2000,0,0,0,2
PLE,2004,0,0,0,3
PLE,2008,0,0,0,4
PLE,2012,0,0,0,5
PLE,2016,0,0,0,6
PLW,2000,0,0,0,5
PLW,2004,0,0,0,4
PLW,2008,0,0,0,5
PLW,2012,0,0,0,5
PLW,2016,0,0,0,6
PNG,1976,0,0,0,9
PNG,1984,0,0,0,12
PNG,1988,0,0,0,15
PNG,1992,0,0,0,19
PNG,1996,0,0,0,17
PNG,2000,0,0,0,5
PNG,2004,0,0,0,6
PNG,2008,0,0,0,9
PNG,2012,0,0,0,8
PNG,2016,0,0,0,8
POL,1912,0,0,0,1
POL,1924,0,4,1,100
POL,1928,2,3,15,146
POL,1932,3,4,14,71
POL,1936,0,6,6,177
POL,1948,1,0,1,52
POL,1952,1,2,1,248
POL,1956,1,9,9,118
POL,1960,4,11,15,307
POL,1964,10,13,23,240
POL,1968,5,2,30,296
POL,1972,27,8,11,418
POL,1976,18,29,26,286
POL,1980,3,25,22,418
POL,1988,2,9,10,192
POL,1992,5,22,19,263
POL,1996,7,8,7,207
POL,2000,7,10,7,240
POL,2004,4,2,6,224
POL,2008,6,13,1,316
POL,2012,2,2,8,256
POL,2016,3,3,10,289
POR,1912,0,0,0,8
POR,1920,0,0,0,40
POR,1924,0,0,4,47
POR,1928,0,0,6,39
POR,1932,0,0,0,8
POR,1936,0,0,3,26
POR,1948,0,2,3,65
POR,1952,0,0,2,155
POR,1956,0,0,0,18
POR,1960,0,2,0,109
POR,1964,0,0,0,25
POR,1968,0,0,0,33
POR,1972,0,0,0,41
POR,1976,0,2,0,36
POR,1980,0,0,0,18
POR,1984,1,0,2,48
POR,1988,1,0,0,91
POR,1992,0,0,0,115
POR,1996,1,0,2,131
POR,2000,0,0,2,64
POR,2004,0,2,1,93
POR,2008,1,1,0,87
POR,2012,0,2,0,98
POR,2016,0,0,1,106
PRK,1972,1,1,13,83
PRK,1976,1,1,0,40
PRK,1980,0,3,2,121
PRK,1992,4,0,6,123
PRK,1996,2,1,2,36
PRK,2000,0,1,3,47
PRK,2004,0,4,1,71
PRK,2008,2,1,3,66
PRK,2012,4,0,2,57
PRK,2016,2,3,2,38
PUR,1948,0,0,1,9
PUR,1952,0,0,0,23
PUR,1956,0,0,0,14
PUR,1960,0,0,0,29
PUR,1964,0,0,0,45
PUR,1968,0,0,0,99
PUR,1972,0,0,0,60
PUR,1976,0,0,1,112
PUR,1980,0,0,0,3
PUR,1984,0,1,1,58
PUR,1988,0,0,0,56
PUR,1992,0,0,1,101
PUR,1996,0,0,1,91
PUR,2000,0,0,0,38
PUR,2004,0,0,0,52
PUR,2008,0,0,0,31
PUR,2012,0,1,1,28
PUR,2016,1,0,0,41
QAT,1984,0,0,0,26
QAT,1988,0,0,0,13
QAT,1992,0,0,1,30
QAT,1996,0,0,0,13
QAT,2000,0,0,1,19
QAT,2004,0,0,0,15
QAT,2008,0,0,0,20
QAT,2012,0,0,2,14
QAT,2016,0,1,0,42
RHO,1960,0,0,0,12
ROT,2016,0,0,0,12
ROU,1900,0,0,0,1
ROU,1924,0,0,16,45
ROU,1928,0,0,0,33
ROU,1932,0,0,0,2
ROU,1936,0,1,0,118
ROU,1952,1,1,2,241
ROU,1956,6,3,10,103
ROU,1960,3,1,11,156
ROU,1964,2,4,10,232
ROU,1968,5,9,9,100
ROU,1972,3,10,27,258
ROU,1976,4,28,23,255
ROU,1980,7,15,46,339
ROU,1984,40,31,35,193
ROU,1988,8,34,16,172
ROU,1992,8,31,14,306
ROU,1996,13,10,15,284
ROU,2000,27,6,13,252
ROU,2004,23,5,11,193
ROU,2008,5,1,16,172
ROU,2012,2,8,6,155
ROU,2016,4,2,10,121
RSA,1904,0,0,0,8
RSA,1908,1,1,0,33
RSA,1912,5,2,0,56
RSA,1920,3,12,6,97
RSA,1924,1,1,1,44
RSA,1928,1,0,5,40
RSA,1932,2,0,3,20
RSA,1936,0,1,0,54
RSA,1948,2,2,2,43
RSA,1952,2,8,4,109
RSA,1956,0,0,7,90
RSA,1960,0,1,2,72
RSA,1992,0,3,0,141
RSA,1996,3,1,1,111
RSA,2000,0,2,3,161
RSA,2004,4,3,3,128
RSA,2008,0,1,0,179
RSA,2012,6,2,1,145
RSA,2016,2,7,14,155
RUS,1900,0,0,0,5
RUS,1908,1,2,0,7
RUS,1912,0,5,9,266
RUS,1924,0,0,0,3
RUS,1996,36,45,34,552
RUS,2000,66,67,54,602
RUS,2004,48,46,95,593
RUS,2008,43,46,53,600
RUS,2012,50,39,51,549
RUS,2016,52,28,35,406
RWA,1984,0,0,0,6
RWA,1988,0,0,0,8
RWA,1992,0,0,0,10
RWA,1996,0,0,0,4
RWA,2000,0,0,0,5
RWA,2004,0,0,0,5
RWA,2008,0,0,0,4
RWA,2012,0,0,0,7
RWA,2016,0,0,0,7
SAA,1952,0,0,0,93
SAM,1984,0,0,0,9
SAM,1988,0,0,0,11
SAM,1992,0,0,0,5
SAM,1996,0,0,0,5
SAM,2000,0,0,0,5
SAM,2004,0,0,0,3
SAM,2008,0,0,0,7
SAM,2012,0,0,0,9
SAM,2016,0,0,0,9
SCG,1996,1,12,13,79
SCG,2000,11,1,13,125
SCG,2004,0,13,0,96
SEN,1964,0,0,0,14
SEN,1968,0,0,0,24
SEN,1972,0,0,0,40
SEN,1976,0,0,0,33
SEN,1980,0,0,0,39
SEN,1984,0,0,0,29
SEN,1988,0,1,0,35
SEN,1992,0,0,0,25
SEN,1996,0,0,0,12
SEN,2000,0,0,0,32
SEN,2004,0,0,0,21
SEN,2008,0,0,0,17
SEN,2012,0,0,0,32
SEN,2016,0,0,0,22
SEY,1980,0,0,0,21
SEY,1984,0,0,0,15
SEY,1992,0,0,0,21
SEY,1996,0,0,0,9
SEY,2000,0,0,0,9
SEY,2004,0,0,0,10
SEY,2008,0,0,0,10
SEY,2012,0,0,0,6
SEY,2016,0,0,0,10
SGP,1948,0,0,0,1
SGP,1952,0,0,0,7
SGP,1956,0,0,0,52
SGP,1960,0,1,0,5
SGP,1968,0,0,0,6
SGP,1972,0,0,0,12
SGP,1976,0,0,0,4
SGP,1984,0,0,0,14
SGP,1988,0,0,0,27
SGP,1992,0,0,0,37
SGP,1996,0,0,0,35
SGP,2000,0,0,0,23
SGP,2004,0,0,0,22
SGP,2008,0,3,0,36
SGP,2012,0,0,4,36
SGP,2016,1,0,0,32
SKN,1996,0,0,0,14
SKN,2000,0,0,0,4
SKN,2004,0,0,0,2
SKN,2008,0,0,0,6
SKN,2012,0,0,0,7
SKN,2016,0,0,0,9
SLE,1968,0,0,0,4
SLE,1980,0,0,0,32
SLE,1984,0,0,0,10
SLE,1988,0,0,0,20
SLE,1992,0,0,0,15
SLE,1996,0,0,0,19
SLE,2000,0,0,0,3
SLE,2004,0,0,0,2
SLE,2008,0,0,0,3
SLE,2012,0,0,0,2
SLE,2016,0,0,0,4
SLO,1992,0,0,6,47
SLO,1996,0,2,0,47
SLO,2000,3,0,0,90
SLO,2004,0,2,3,102
SLO,2008,1,2,2,73
SLO,2012,1,1,3,78
SLO,2016,1,2,1,70
SMR,1960,0,0,0,13
SMR,1968,0,0,0,4
SMR,1972,0,0,0,7
SMR,1976,0,0,0,10
SMR,1980,0,0,0,16
SMR,1984,0,0,0,31
SMR,1988,0,0,0,15
SMR,1992,0,0,0,20
SMR,1996,0,0,0,7
SMR,2000,0,0,0,4
SMR,2004,0,0,0,5
SMR,2008,0,0,0,4
SMR,2012,0,0,0,4
SMR,2016,0,0,0,4
SOL,1984,0,0,0,3
SOL,1988,0,0,0,5
SOL,1992,0,0,0,1
SOL,1996,0,0,0,4
SOL,2000,0,0,0,2
SOL,2004,0,0,0,2
SOL,2008,0,0,0,3
SOL,2012,0,0,0,4
SOL,2016,0,0,0,3
SOM,1972,0,0,0,4
SOM,1984,0,0,0,9
SOM,1988,0,0,0,5
SOM,1996,0,0,0,4
SOM,2000,0,0,0,2
SOM,2004,0,0,0,2
SOM,2008,0,0,0,2
SOM,2012,0,0,0,2
SOM,2016,0,0,0,2
SRB,1912,0,0,0,2
SRB,2008,0,1,14,97
SRB,2012,1,1,14,134
SRB,2016,14,27,13,127
SRI,1948,0,1,0,10
SRI,1952,0,0,0,7
SRI,1956,0,0,0,3
SRI,1960,0,0,0,5
SRI,1964,0,0,0,7
SRI,1968,0,0,0,3
SRI,1972,0,0,0,6
SRI,1980,0,0,0,4
SRI,1984,0,0,0,6
SRI,1988,0,0,0,9
SRI,1992,0,0,0,16
SRI,1996,0,0,0,11
SRI,2000,0,1,0,24
SRI,2004,0,0,0,8
SRI,2008,0,0,0,9
SRI,2012,0,0,0,8
SRI,2016,0,0,0,10
SSD,2016,0,0,0,3
STP,1996,0,0,0,2
STP,2000,0,0,0,2
STP,2004,0,0,0,2
STP,2008,0,0,0,4
STP,2012,0,0,0,2
STP,2016,0,0,0,3
SUD,1960,0,0,0,13
SUD,1968,0,0,0,7
SUD,1972,0,0,0,31
SUD,1984,0,0,0,9
SUD,1988,0,0,0,8
SUD,1992,0,0,0,7
SUD,1996,0,0,0,4
SUD,2000,0,0,0,3
SUD,2004,0,0,0,4
SUD,2008,0,1,0,9
SUD,2012,0,0,0,6
SUD,2016,0,0,0,6
SUI,1896,1,2,0,8
SUI,1900,16,4,1,52
SUI,1904,1,0,2,7
SUI,1906,8,3,1,45
SUI,1908,0,0,0,1
SUI,1912,2,0,0,7
SUI,1920,6,2,21,126
SUI,1924,14,25,21,262
SUI,1928,16,10,4,236
SUI,1932,0,1,0,9
SUI,1936,5,23,24,328
SUI,1948,5,25,6,287
SUI,1952,2,19,12,251
SUI,1956,0,0,3,18
SUI,1960,0,6,6,221
SUI,1964,1,4,1,129
SUI,1968,0,3,10,155
SUI,1972,0,8,0,265
SUI,1976,1,3,6,101
SUI,1980,2,0,0,86
SUI,1984,0,9,4,245
SUI,1988,0,6,2,151
SUI,1992,1,0,0,171
SUI,1996,5,6,0,172
SUI,2000,1,11,2,138
SUI,2004,1,2,4,138
SUI,2008,3,1,7,116
SUI,2012,2,2,0,126
SUI,2016,6,3,2,152
SUR,1968,0,0,0,1
SUR,1972,0,0,0,3
SUR,1976,0,0,0,4
SUR,1984,0,0,0,7
SUR,1988,1,0,0,10
SUR,1992,0,0,1,9
SUR,1996,0,0,0,11
SUR,2000,0,0,0,5
SUR,2004,0,0,0,4
SUR,2008,0,0,0,4
SUR,2012,0,0,0,5
SUR,2016,0,0,0,6
SVK,1996,1,1,1,98
SVK,2000,2,3,1,132
SVK,2004,3,2,5,84
SVK,2008,4,5,1,67
SVK,2012,0,1,4,65
SVK,2016,3,5,0,63
SWE,1896,0,0,0,5
SWE,1900,3,0,1,27
SWE,1906,2,5,14,95
SWE,1908,48,18,18,276
SWE,1912,103,62,25,714
SWE,1920,52,38,64,404
SWE,1924,7,22,43,256
SWE,1928,7,8,22,139
SWE,1932,13,7,12,128
SWE,1936,7,11,17,231
SWE,1948,30,15,30,223
SWE,1952,23,24,23,355
SWE,1956,14,14,6,186
SWE,1960,2,2,3,258
SWE,1964,3,4,8,175
SWE,1968,4,4,1,186
SWE,1972,4,10,8,186
SWE,1976,9,1,0,163
SWE,1980,3,8,9,201
SWE,1984,3,18,13,254
SWE,1988,0,5,11,251
SWE,1992,1,27,7,252
SWE,1996,3,23,5,233
SWE,2000,4,20,8,198
SWE,2004,5,5,2,157
SWE,2008,0,5,2,169
SWE,2012,2,17,3,168
SWE,2016,2,23,3,186
SWZ,1972,0,0,0,4
SWZ,1984,0,0,0,11
SWZ,1988,0,0,0,15
SWZ,1992,0,0,0,10
SWZ,1996,0,0,0,6
SWZ,2000,0,0,0,6
SWZ,2004,0,0,0,3
SWZ,2008,0,0,0,4
SWZ,2012,0,0,0,3
SWZ,2016,0,0,0,2
SYR,1948,0,0,0,1
SYR,1968,0,0,0,2
SYR,1972,0,0,0,5
SYR,1980,0,0,0,71
SYR,1984,0,1,0,9
SYR,1988,0,0,0,13
SYR,1992,0,0,0,9
SYR,1996,1,0,0,8
SYR,2000,0,0,0,8
SYR,2004,0,0,1,6
SYR,2008,0,0,0,7
SYR,2012,0,0,0,10
SYR,2016,0,0,0,7
TAN,1964,0,0,0,4
TAN,1968,0,0,0,5
TAN,1972,0,0,0,22
TAN,1980,0,2,0,48
TAN,1984,0,0,0,21
TAN,1988,0,0,0,10
TAN,1992,0,0,0,9
TAN,1996,0,0,0,7
TAN,2000,0,0,0,4
TAN,2004,0,0,0,9
TAN,2008,0,0,0,9
TAN,2012,0,0,0,6
TAN,2016,0,0,0,7
TCH,1920,0,0,10,182
TCH,1924,1,4,5,242
TCH,1928,2,12,2,147
TCH,1932,1,3,2,44
TCH,1936,5,12,1,293
TCH,1948,14,3,3,153
TCH,1952,11,4,10,218
TCH,1956,1,5,1,161
TCH,1960,4,7,11,202
TCH,1964,5,37,12,187
TCH,1968,7,7,15,203
TCH,1972,2,21,6,274
TCH,1976,2,4,9,251
TCH,1980,17,18,16,317
TCH,1988,3,4,3,226
TCH,1992,4,3,1,269
TGA,1984,0,0,0,7
TGA,1988,0,0,0,7
TGA,1992,0,0,0,5
TGA,1996,0,1,0,5
TGA,2000,0,0,0,3
TGA,2004,0,0,0,5
TGA,2008,0,0,0,3
TGA,2012,0,0,0,3
TGA,2016,0,0,0,7
THA,1952,0,0,0,15
THA,1956,0,0,0,40
THA,1960,0,0,0,24
THA,1964,0,0,0,67
THA,1968,0,0,0,46
THA,1972,0,0,0,37
THA,1976,0,0,1,62
THA,1984,0,1,0,40
THA,1988,0,0,1,15
THA,1992,0,0,1,64
THA,1996,1,0,1,58
THA,2000,1,0,2,68
THA,2004,3,1,4,51
THA,2008,2,2,0,53
THA,2012,0,2,1,43
THA,2016,2,2,2,58
TJK,1996,0,0,0,8
TJK,2000,0,0,0,4
TJK,2004,0,0,0,9
TJK,2008,0,1,1,16
TJK,2012,0,0,1,16
TJK,2016,1,0,0,7
TKM,1996,0,0,0,7
TKM,2000,0,0,0,8
TKM,2004,0,0,0,10
TKM,2008,0,0,0,10
TKM,2012,0,0,0,10
TKM,2016,0,0,0,9
TLS,2004,0,0,0,2
TLS,2008,0,0,0,1
TLS,2012,0,0,0,2
TLS,2016,0,0,0,3
TOG,1972,0,0,0,7
TOG,1984,0,0,0,6
TOG,1988,0,0,0,6
TOG,1992,0,0,0,9
TOG,1996,0,0,0,7
TOG,2000,0,0,0,3
TOG,2004,0,0,0,3
TOG,2008,0,0,1,4
TOG,2012,0,0,0,6
TOG,2016,0,0,0,5
TPE,1956,0,0,0,23
TPE,1960,0,1,0,31
TPE,1964,0,0,0,96
TPE,1968,0,0,1,93
TPE,1972,0,0,0,44
TPE,1984,0,0,1,52
TPE,1988,0,0,0,123
TPE,1992,0,20,0,38
TPE,1996,0,1,0,107
TPE,2000,0,1,4,75
TPE,2004,2,4,3,104
TPE,2008,0,0,4,92
TPE,2012,0,1,1,55
TPE,2016,1,0,4,67
TTO,1948,0,1,0,9
TTO,1952,0,0,2,2
TTO,1956,0,0,0,10
TTO,1964,0,1,5,18
TTO,1968,0,0,0,25
TTO,1972,0,0,0,36
TTO,1976,1,0,0,20
TTO,1980,0,0,0,15
TTO,1984,0,0,0,23
TTO,1988,0,0,0,10
TTO,1992,0,0,0,13
TTO,1996,0,0,2,16
TTO,2000,0,1,1,29
TTO,2004,0,0,1,26
TTO,2008,5,1,0,35
TTO,2012,1,4,5,38
TTO,2016,0,0,1,43
TUN,1960,0,0,0,56
TUN,1964,0,1,1,12
TUN,1968,1,0,1,8
TUN,1972,0,1,0,37
TUN,1976,0,0,0,16
TUN,1984,0,0,0,28
TUN,1988,0,0,0,45
TUN,1992,0,0,0,15
TUN,1996,0,0,1,52
TUN,2000,0,0,0,47
TUN,2004,0,0,0,64
TUN,2008,1,0,0,29
TUN,2012,1,1,1,87
TUN,2016,0,0,3,65
TUR,1906,0,0,0,2
TUR,1912,0,0,0,7
TUR,1924,0,0,0,23
TUR,1928,0,0,0,40
TUR,1932,0,0,0,2
TUR,1936,1,0,1,62
TUR,1948,6,4,2,87
TUR,1952,2,0,1,58
TUR,1956,3,2,2,28
TUR,1960,7,2,0,58
TUR,1964,2,3,1,25
TUR,1968,2,0,0,30
TUR,1972,0,1,0,50
TUR,1976,0,0,0,28
TUR,1984,0,0,3,62
TUR,1988,1,1,0,51
TUR,1992,2,2,2,54
TUR,1996,4,1,1,61
TUR,2000,3,0,2,67
TUR,2004,3,3,5,74
TUR,2008,1,3,3,71
TUR,2012,2,2,1,119
TUR,2016,1,3,4,119
TUV,2008,0,0,0,3
TUV,2012,0,0,0,3
TUV,2016,0,0,0,1
UAE,1984,0,0,0,11
UAE,1988,0,0,0,36
UAE,1992,0,0,0,36
UAE,1996,0,0,0,4
UAE,2000,0,0,0,5
UAE,2004,1,0,0,5
UAE,2008,0,0,0,9
UAE,2012,0,0,0,26
UAE,2016,0,0,1,12
UAR,1960,0,1,1,123
UGA,1956,0,0,0,5
UGA,1960,0,0,0,16
UGA,1964,0,0,0,19
UGA,1968,0,1,1,14
UGA,1972,1,1,0,35
UGA,1980,0,1,0,16
UGA,1984,0,0,0,30
UGA,1988,0,0,0,30
UGA,1992,0,0,0,9
UGA,1996,0,0,1,12
UGA,2000,0,0,0,13
UGA,2004,0,0,0,11
UGA,2008,0,0,0,11
UGA,2012,1,0,0,16
UGA,2016,0,0,0,23
UKR,1996,10,5,19,351
UKR,2000,3,20,12,368
UKR,2004,8,8,31,357
UKR,2008,10,5,16,327
UKR,2012,9,5,12,304
UKR,2016,2,8,5,272
UNK,1912,0,0,0,2
URS,1952,36,62,19,451
URS,1956,68,46,55,411
URS,1960,61,63,45,414
URS,1964,60,63,51,463
URS,1968,65,63,64,471
URS,1972,107,47,60,531
URS,1976,114,95,77,574
URS,1980,187,129,126,660
URS,1988,134,67,99,647
URU,1924,14,0,0,40
URU,1928,17,0,0,17
URU,1932,0,0,1,6
URU,1936,0,0,0,40
URU,1948,0,1,2,79
URU,1952,0,0,14,42
URU,1956,0,0,12,29
URU,1960,0,0,0,42
URU,1964,0,0,1,29
URU,1968,0,0,0,50
URU,1972,0,0,0,20
URU,1976,0,0,0,15
URU,1984,0,0,0,23
URU,1988,0,0,0,18
URU,1992,0,0,0,18
URU,1996,0,0,0,15
URU,2000,0,1,0,17
URU,2004,0,0,0,18
URU,2008,0,0,0,13
URU,2012,0,0,0,27
URU,2016,0,0,0,17
USA,1896,11,7,2,27
USA,1900,30,16,17,135
USA,1904,128,141,125,1109
USA,1906,12,6,6,81
USA,1908,34,16,15,219
USA,1912,46,25,36,364
USA,1920,111,45,38,473
USA,1924,97,36,49,459
USA,1928,47,24,17,426
USA,1932,81,47,61,743
USA,1936,51,29,16,487
USA,1948,87,30,35,424
USA,1952,83,23,28,451
USA,1956,61,42,20,443
USA,1960,81,23,21,428
USA,1964,95,37,37,492
USA,1968,99,32,35,529
USA,1972,69,59,43,578
USA,1976,70,58,36,554
USA,1984,186,116,50,693
USA,1988,87,66,54,715
USA,1992,89,50,85,734
USA,1996,159,48,52,839
USA,2000,130,61,51,764
USA,2004,117,75,71,726
USA,2008,127,110,80,763
USA,2012,145,57,46,689
USA,2016,139,54,71,719
UZB,1996,0,1,1,95
UZB,2000,1,1,2,85
UZB,2004,2,1,2,79
UZB,2008,1,2,3,69
UZB,2012,1,0,2,56
UZB,2016,4,2,7,80
VAN,1988,0,0,0,6
VAN,1992,0,0,0,8
VAN,1996,0,0,0,4
VAN,2000,0,0,0,3
VAN,2004,0,0,0,2
VAN,2008,0,0,0,3
VAN,2012,0,0,0,5
VAN,2016,0,0,0,4
VEN,1932,0,0,0,1
VEN,1948,0,0,0,2
VEN,1952,0,0,1,63
VEN,1956,0,0,0,38
VEN,1960,0,0,1,54
VEN,1964,0,0,0,23
VEN,1968,1,0,0,30
VEN,1972,0,0,0,33
VEN,1976,0,1,0,56
VEN,1980,0,1,0,43
VEN,1984,0,0,3,44
VEN,1988,0,0,0,17
VEN,1992,0,0,0,27
VEN,1996,0,0,0,53
VEN,2000,0,0,0,65
VEN,2004,0,0,2,53
VEN,2008,0,0,1,126
VEN,2012,1,0,0,85
VEN,2016,0,1,2,105
VIE,1980,0,0,0,38
VIE,1988,0,0,0,12
VIE,1992,0,0,0,10
VIE,1996,0,0,0,6
VIE,2000,0,1,0,7
VIE,2004,0,0,0,11
VIE,2008,0,1,0,18
VIE,2012,0,0,0,24
VIE,2016,1,1,0,28
VIN,1988,0,0,0,6
VIN,1992,0,0,0,8
VIN,1996,0,0,0,12
VIN,2000,0,0,0,4
VIN,2004,0,0,0,3
VIN,2008,0,0,0,2
VIN,2012,0,0,0,3
VIN,2016,0,0,0,4
VNM,1952,0,0,0,13
VNM,1956,0,0,0,10
VNM,1960,0,0,0,5
VNM,1964,0,0,0,23
VNM,1968,0,0,0,9
VNM,1972,0,0,0,2
WIF,1960,0,0,5,20
YAR,1984,0,0,0,3
YAR,1988,0,0,0,8
YEM,1992,0,0,0,8
YEM,1996,0,0,0,4
YEM,2000,0,0,0,2
YEM,2004,0,0,0,3
YEM,2008,0,0,0,8
YEM,2012,0,0,0,4
YEM,2016,0,0,0,3
YMD,1988,0,0,0,5
YUG,1920,0,0,0,15
YUG,1924,2,0,0,116
YUG,1928,1,1,10,86
YUG,1932,0,0,0,1
YUG,1936,0,1,0,173
YUG,1948,0,16,0,162
YUG,1952,4,20,0,194
YUG,1956,0,23,0,37
YUG,1960,16,1,0,185
YUG,1964,2,11,2,123
YUG,1968,13,14,2,130
YUG,1972,15,1,2,212
YUG,1976,2,14,3,95
YUG,1980,13,27,17,180
YUG,1984,47,5,35,154
YUG,1988,15,27,21,183
ZAM,1964,0,0,0,15
ZAM,1968,0,0,0,7
ZAM,1972,0,0,0,12
ZAM,1980,0,0,0,43
ZAM,1984,0,0,1,18
ZAM,1988,0,0,0,33
ZAM,1992,0,0,0,11
ZAM,1996,0,1,0,8
ZAM,2000,0,0,0,8
ZAM,2004,0,0,0,6
ZAM,2008,0,0,0,8
ZAM,2012,0,0,0,7
ZAM,2016,0,0,0,7
ZIM,1928,0,0,0,2
ZIM,1960,0,0,0,10
ZIM,1964,0,0,0,33
ZIM,1980,15,0,0,52
ZIM,1984,0,0,0,20
ZIM,1988,0,0,0,47
ZIM,1992,0,0,0,28
ZIM,1996,0,0,0,21
ZIM,2000,0,0,0,26
ZIM,2004,1,1,1,14
ZIM,2008,1,3,0,16
ZIM,2012,0,0,0,9
ZIM,2016,0,0,0,31
USA,2024,40,44,42,126
CHN,2024,40,27,24,91
JPN,2024,20,12,13,45
AUS,2024,18,19,16,53
FRA,2024,16,26,22,64
NED,2024,15,7,12,34
GBR,2024,14,22,29,65
KOR,2024,13,9,10,32
ITA,2024,12,13,15,40
GER,2024,12,13,8,33
NZL,2024,10,7,3,20
CAN,2024,9,7,11,27
UZB,2024,8,2,3,13
HUN,2024,6,7,6,19
ESP,2024,5,4,9,18
SWE,2024,4,4,3,11
KEN,2024,4,2,5,11
NOR,2024,4,1,3,8
IRL,2024,4,0,3,7
BRA,2024,3,7,10,20
IRI,2024,3,6,3,12
UKR,2024,3,5,4,12
ROU,2024,3,4,2,9
GEO,2024,3,3,1,7
BEL,2024,3,1,6,10
BUL,2024,3,1,3,7
SRB,2024,3,1,1,5
CZE,2024,3,0,2,5
DEN,2024,2,2,5,9
AZE,2024,2,2,3,7
CRO,2024,2,2,3,7
CUB,2024,2,1,6,9
BRN,2024,2,1,1,4
SLO,2024,2,1,0,3
TPE,2024,2,0,5,7
AUT,2024,2,0,3,5
HKG,2024,2,0,2,4
PHI,2024,2,0,2,4
ALG,2024,2,0,1,3
INA,2024,2,0,0,2
ISR,2024,1,5,1,7
POL,2024,1,4,5,10
KAZ,2024,1,3,3,7
JAM,2024,1,3,2,6
RSA,2024,1,3,2,6
THA,2024,1,3,2,6
AIN,2024,1,3,1,5
ETH,2024,1,3,0,4
SUI,2024,1,2,5,8
ECU,2024,1,2,2,5
POR,2024,1,2,1,4
GRE,2024,1,1,6,8
ARG,2024,1,1,1,3
EGY,2024,1,1,1,3
TUN,2024,1,1,1,3
BOT,2024,1,1,0,2
CHI,2024,1,1,0,2
LCA,2024,1,1,0,2
UGA,2024,1,1,0,2
DOM,2024,1,0,2,3
GUA,2024,1,0,1,2
MAR,2024,1,0,1,2
DMA,2024,1,0,0,1
PAK,2024,1,0,0,1
TUR,2024,0,3,5,8
MEX,2024,0,3,2,5
ARM,2024,0,3,1,4
COL,2024,0,3,1,4
PRK,2024,0,2,4,6
KGZ,2024,0,2,4,6
LTU,2024,0,2,2,4
IND,2024,0,1,5,6
MDA,2024,0,1,3,4
KOS,2024,0,1,1,2
CYP,2024,0,1,0,1
FIJ,2024,0,1,0,1
JOR,2024,0,1,0,1
MGL,2024,0,1,0,1
PAN,2024,0,1,0,1
TJK,2024,0,0,3,3
ALB,2024,0,0,2,2
GRN,2024,0,0,2,2
MAS,2024,0,0,2,2
PUR,2024,0,0,2,2
CPV,2024,0,0,1,1
CIV,2024,0,0,1,1
EOR,2024,0,0,1,1
PER,2024,0,0,1,1
QAT,2024,0,0,1,1
SGP,2024,0,0,1,1
SVK,2024,0,0,1,1
ZAM,2024,0,0,1,1
USA,2021,39,41,33,113
CHN,2021,38,32,18,88
JPN,2021,27,14,17,58
GBR,2021,22,21,22,65
RUS,2021,20,28,23,71
AUS,2021,17,7,22,46
NED,2021,10,12,14,36
FRA,2021,10,12,11,33
GER,2021,10,11,16,37
ITA,2021,10,10,20,40
CAN,2021,7,6,11,24
BRA,2021,7,6,8,21
NZL,2021,7,6,7,20
CUB,2021,7,3,5,15
HUN,2021,6,7,7,20
KOR,2021,6,4,10,20
POL,2021,4,5,5,14
CZE,2021,4,4,3,11
KEN,2021,4,4,2,10
NOR,2021,4,2,2,8
JAM,2021,4,1,4,9
ESP,2021,3,8,6,17
SWE,2021,3,6,0,9
SUI,2021,3,4,6,13
DEN,2021,3,4,4,11
CRO,2021,3,3,2,8
IRI,2021,3,2,2,7
SRB,2021,3,1,5,9
BEL,2021,3,1,3,7
BUL,2021,3,1,2,6
SLO,2021,3,1,1,5
UZB,2021,3,0,2,5
GEO,2021,2,5,1,8
TPE,2021,2,4,6,12
TUR,2021,2,2,9,13
GRE,2021,2,1,1,4
UGA,2021,2,1,1,4
ECU,2021,2,1,0,3
IRL,2021,2,0,2,4
GBR,2021,2,0,2,4
ISR,2021,2,0,2,4
QAT,2021,2,0,1,3
BAH,2021,2,0,0,2
KOS,2021,2,0,0,2
UKR,2021,1,6,12,19
BLR,2021,1,3,3,7
ROU,2021,1,3,0,4
VEN,2021,1,3,0,4
IND,2021,1,2,4,7
HKG,2021,1,2,3,6
PHI,2021,1,2,1,4
SVK,2021,1,2,1,4
RSA,2021,1,2,0,3
AUT,2021,1,1,5,7
EGY,2021,1,1,4,6
INA,2021,1,1,3,5
ETH,2021,1,1,2,4
POR,2021,1,1,2,4
TUN,2021,1,1,0,2
EST,2021,1,0,1,2
FIJ,2021,1,0,1,2
LAT,2021,1,0,1,2
THA,2021,1,0,1,2
BER,2021,1,0,0,1
MAR,2021,1,0,0,1
PUR,2021,1,0,0,1
COL,2021,0,4,1,5
AZE,2021,0,3,4,7
DOM,2021,0,3,2,5
ARM,2021,0,2,2,4
KGZ,2021,0,2,1,3
MGL,2021,0,1,3,4
ARG,2021,0,1,2,3
SMR,2021,0,1,2,3
JOR,2021,0,1,1,2
MAS,2021,0,1,1,2
NGR,2021,0,1,1,2
BRN,2021,0,1,0,1
KSA,2021,0,1,0,1
LTU,2021,0,1,0,1
MKD,2021,0,1,0,1
NAM,2021,0,1,0,1
TKM,2021,0,1,0,1
KAZ,2021,0,0,8,8
MEX,2021,0,0,4,4
FIN,2021,0,0,2,2
BOT,2021,0,0,1,1
BUR,2021,0,0,1,1
CIV,2021,0,0,1,1
GHA,2021,0,0,1,1
GRN,2021,0,0,1,1
KUW,2021,0,0,1,1
MDA,2021,0,0,1,1
SYR,2021,0,0,1,1
